Date,Scenario A,Scenario B,Scenario C,Scenario D,Scenario E,Scenario F,Scenario G,Scenario H,Scenario I,Scenario J,Scenario K,Scenario L,Scenario M,Scenario N,Scenario O,Scenario P
1/06/2017,3000,3000,3000,3000,3000,3000,3000,3000,3000,7400,7400,3000,3000,7400,3000,3000
2/06/2017,3000,3000,3000,3000,3000,3000,3000,3000,3000,7400,7400,3000,3000,7400,3000,3000
3/06/2017,3000,3000,3000,3000,3000,3000,3000,3000,3000,7400,7400,3000,3000,7400,3000,3000
4/06/2017,3000,3000,3000,3000,3000,3000,3000,3000,3000,7400,7400,3000,3000,7400,3000,3000
5/06/2017,3000,3000,3000,3000,3000,3000,3000,3000,3000,7400,7400,3000,3000,7400,3000,3000
6/06/2017,3000,3000,3000,3000,3000,3000,3000,3000,3000,7400,7400,3000,3000,7400,3000,3000
7/06/2017,3000,3000,3000,3000,3000,3000,3000,3000,3000,7400,7400,3000,3000,7400,3000,3000
8/06/2017,3000,3000,3000,3000,3000,3000,3000,3000,3000,7400,7400,3000,3000,7400,3000,3000
9/06/2017,3000,3000,3000,3000,3000,3000,3000,3000,3000,7400,7400,3000,3000,7400,3000,3000
10/06/2017,3000,3000,3000,3000,3000,3000,3000,3000,3000,7400,7400,3000,3000,7400,3000,3000
11/06/2017,3000,3000,3000,3000,3000,3000,3000,3000,3000,7400,7400,3000,3000,7400,3000,3000
12/06/2017,3000,3000,3000,3000,3000,3000,3000,3000,3000,7400,7400,3000,3000,7400,3000,3000
13/06/2017,3000,3000,3000,3000,3000,3000,3000,3000,3000,7400,7400,3000,3000,7400,3000,3000
14/06/2017,3000,3000,3000,3000,3000,3000,3000,3000,3000,7400,7400,3000,3000,7400,3000,3000
15/06/2017,3000,3000,3000,3000,3000,3000,3000,3000,3000,7400,7400,3000,3000,7400,3000,3000
16/06/2017,3000,3000,3000,3000,3000,3000,3000,3000,3000,7400,7400,3000,3000,7400,3000,3000
17/06/2017,3000,3000,3000,3000,3000,3000,3000,3000,3000,7400,7400,3000,3000,7400,3000,3000
18/06/2017,3000,3000,3000,3000,3000,3000,3000,3000,3000,7400,7400,3000,3000,7400,3000,3000
19/06/2017,3000,3000,3000,3000,3000,3000,3000,3000,3000,7400,7400,3000,3000,7400,3000,3000
20/06/2017,3000,3000,3000,3000,3000,3000,3000,3000,3000,7400,7400,3000,3000,7400,3000,3000
21/06/2017,3000,3000,3000,3000,3000,3000,3000,3000,3000,7400,7400,3000,3000,7400,3000,3000
22/06/2017,3000,3000,3000,3000,3000,3000,3000,3000,3000,7400,7400,3000,3000,7400,3000,3000
23/06/2017,3000,3000,3000,3000,3000,3000,3000,3000,3000,7400,7400,3000,3000,7400,3000,3000
24/06/2017,3000,3000,3000,3000,3000,3000,3000,3000,3000,7400,7400,3000,3000,7400,3000,3000
25/06/2017,3000,3000,3000,3000,3000,3000,3000,3000,3000,7400,7400,3000,3000,7400,3000,3000
26/06/2017,3000,3000,3000,3000,3000,3000,3000,3000,3000,7400,7400,3000,3000,7400,3000,3000
27/06/2017,3000,3000,3000,3000,3000,3000,3000,3000,3000,7400,7400,3000,3000,7400,3000,3000
28/06/2017,3000,3000,3000,3000,3000,3000,3000,3000,3000,7400,7400,3000,3000,7400,3000,3000
29/06/2017,3000,3000,3000,3000,3000,3000,3000,3000,3000,7400,7400,3000,3000,7400,3000,3000
30/06/2017,3000,3000,3000,3000,3000,3000,3000,3000,3000,7400,7400,3000,3000,7400,3000,3000
1/07/2017,5129,5129,5142,5332,5590,5590,5590,5165,5129,5129,5794,5829,5829,5829,5829,5639
2/07/2017,5129,5129,5142,5332,5590,5590,5590,5165,5129,5129,5794,5829,5829,5829,5829,5639
3/07/2017,5129,5129,5142,5332,5590,5590,5590,5165,5129,5129,5794,5829,5829,5829,5829,5639
4/07/2017,5129,5129,5142,5332,5590,5590,5590,5165,5129,5129,5794,5829,5829,5829,5829,5639
5/07/2017,5129,5129,5142,5332,5590,5590,5590,5165,5129,5129,5794,5829,5829,5829,5829,5639
6/07/2017,5129,5129,5142,5332,5590,5590,5590,5165,5129,5129,5794,5829,5829,5829,5829,5639
7/07/2017,5129,5129,5142,5332,5590,5590,5590,5165,5129,5129,5794,5829,5829,5829,5829,5639
8/07/2017,5129,5129,5142,5332,5590,5590,5590,5165,5129,5129,5794,5829,5829,5829,5829,5639
9/07/2017,5129,5129,5142,5332,5590,5590,5590,5165,5129,5129,5794,5829,5829,5829,5829,5639
10/07/2017,5129,5129,5142,5332,5590,5590,5590,5165,5129,5129,5794,5829,5829,5829,5829,5639
11/07/2017,5129,5129,5142,5332,5590,5590,5590,5165,5129,5129,5794,5829,5829,5829,5829,5639
12/07/2017,5129,5129,5142,5332,5590,5590,5590,5165,5129,5129,5794,5829,5829,5829,5829,5639
13/07/2017,5129,5129,5142,5332,5590,5590,5590,5165,5129,5129,5794,5829,5829,5829,5829,5639
14/07/2017,5129,5129,5142,5332,5590,5590,5590,5165,5129,5129,5794,5829,5829,5829,5829,5639
15/07/2017,5129,5129,5142,5332,5590,5590,5590,5165,5129,5129,5794,5829,5829,5829,5829,5639
16/07/2017,5129,5129,5142,5332,5590,5590,5590,5165,5129,5129,5794,5829,5829,5829,5829,5639
17/07/2017,5129,5129,5142,5332,5590,5590,5590,5165,5129,5129,5794,5829,5829,5829,5829,5639
18/07/2017,5129,5129,5142,5332,5590,5590,5590,5165,5129,5129,5794,5829,5829,5829,5829,5639
19/07/2017,5129,5129,5142,5332,5590,5590,5590,5165,5129,5129,5794,5829,5829,5829,5829,5639
20/07/2017,5129,5129,5142,5332,5590,5590,5590,5165,5129,5129,5794,5829,5829,5829,5829,5639
21/07/2017,5129,5129,5142,5332,5590,5590,5590,5165,5129,5129,5794,5829,5829,5829,5829,5639
22/07/2017,5129,5129,5142,5332,5590,5590,5590,5165,5129,5129,5794,5829,5829,5829,5829,5639
23/07/2017,5129,5129,5142,5332,5590,5590,5590,5165,5129,5129,5794,5829,5829,5829,5829,5639
24/07/2017,5129,5129,5142,5332,5590,5590,5590,5165,5129,5129,5794,5829,5829,5829,5829,5639
25/07/2017,5129,5129,5142,5332,5590,5590,5590,5165,5129,5129,5794,5829,5829,5829,5829,5639
26/07/2017,5129,5129,5142,5332,5590,5590,5590,5165,5129,5129,5794,5829,5829,5829,5829,5639
27/07/2017,5129,5129,5142,5332,5590,5590,5590,5165,5129,5129,5794,5829,5829,5829,5829,5639
28/07/2017,5129,5129,5142,5332,5590,5590,5590,5165,5129,5129,5794,5829,5829,5829,5829,5639
29/07/2017,5129,5129,5142,5332,5590,5590,5590,5165,5129,5129,5794,5829,5829,5829,5829,5639
30/07/2017,5129,5129,5142,5332,5590,5590,5590,5165,5129,5129,5794,5829,5829,5829,5829,5639
31/07/2017,5129,5129,5142,5332,5590,5590,5590,5165,5129,5129,5794,5829,5829,5829,5829,5639
1/08/2017,11258,11497,11516,11371,11316,11387,11448,12645,11258,11258,11800,13187,13126,13187,13055,13332
2/08/2017,11258,11497,11516,11371,11316,11387,11448,12645,11258,11258,11800,13187,13126,13187,13055,13332
3/08/2017,11258,11497,11516,11371,11316,11387,11448,12645,11258,11258,11800,13187,13126,13187,13055,13332
4/08/2017,11258,11497,11516,11371,11316,11387,11448,12645,11258,11258,11800,13187,13126,13187,13055,13332
5/08/2017,11258,11497,11516,11371,11316,11387,11448,12645,11258,11258,11800,13187,13126,13187,13055,13332
6/08/2017,11258,11497,11516,11371,11316,11387,11448,12645,11258,11258,11800,13187,13126,13187,13055,13332
7/08/2017,11258,11497,11516,11371,11316,11387,11448,12645,11258,11258,11800,13187,13126,13187,13055,13332
8/08/2017,11258,11497,11516,11371,11316,11387,11448,12645,11258,11258,11800,13187,13126,13187,13055,13332
9/08/2017,11258,11497,11516,11371,11316,11387,11448,12645,11258,11258,11800,13187,13126,13187,13055,13332
10/08/2017,11258,11497,11516,11371,11316,11387,11448,12645,11258,11258,11800,13187,13126,13187,13055,13332
11/08/2017,11258,11497,11516,11371,11316,11387,11448,12645,11258,11258,11800,13187,13126,13187,13055,13332
12/08/2017,11258,11497,11516,11371,11316,11387,11448,12645,11258,11258,11800,13187,13126,13187,13055,13332
13/08/2017,11258,11497,11516,11371,11316,11387,11448,12645,11258,11258,11800,13187,13126,13187,13055,13332
14/08/2017,11258,11497,11516,11371,11316,11387,11448,12645,11258,11258,11800,13187,13126,13187,13055,13332
15/08/2017,11258,11497,11516,11371,11316,11387,11448,12645,11258,11258,11800,13187,13126,13187,13055,13332
16/08/2017,11258,11497,11516,11371,11316,11387,11448,12645,11258,11258,11800,13187,13126,13187,13055,13332
17/08/2017,11258,11497,11516,11371,11316,11387,11448,12645,11258,11258,11800,13187,13126,13187,13055,13332
18/08/2017,11258,11497,11516,11371,11316,11387,11448,12645,11258,11258,11800,13187,13126,13187,13055,13332
19/08/2017,11258,11497,11516,11371,11316,11387,11448,12645,11258,11258,11800,13187,13126,13187,13055,13332
20/08/2017,11258,11497,11516,11371,11316,11387,11448,12645,11258,11258,11800,13187,13126,13187,13055,13332
21/08/2017,11258,11497,11516,11371,11316,11387,11448,12645,11258,11258,11800,13187,13126,13187,13055,13332
22/08/2017,11258,11497,11516,11371,11316,11387,11448,12645,11258,11258,11800,13187,13126,13187,13055,13332
23/08/2017,11258,11497,11516,11371,11316,11387,11448,12645,11258,11258,11800,13187,13126,13187,13055,13332
24/08/2017,11258,11497,11516,11371,11316,11387,11448,12645,11258,11258,11800,13187,13126,13187,13055,13332
25/08/2017,11258,11497,11516,11371,11316,11387,11448,12645,11258,11258,11800,13187,13126,13187,13055,13332
26/08/2017,11258,11497,11516,11371,11316,11387,11448,12645,11258,11258,11800,13187,13126,13187,13055,13332
27/08/2017,11258,11497,11516,11371,11316,11387,11448,12645,11258,11258,11800,13187,13126,13187,13055,13332
28/08/2017,11258,11497,11516,11371,11316,11387,11448,12645,11258,11258,11800,13187,13126,13187,13055,13332
29/08/2017,11258,11497,11516,11371,11316,11387,11448,12645,11258,11258,11800,13187,13126,13187,13055,13332
30/08/2017,11258,11497,11516,11371,11316,11387,11448,12645,11258,11258,11800,13187,13126,13187,13055,13332
31/08/2017,11258,11497,11516,11371,11316,11387,11448,12645,11258,11258,11800,13187,13126,13187,13055,13332
1/09/2017,12000,12000,12040,12053,12000,12030,12063,15493,12000,12000,12117,15610,15577,15610,15383,15597
2/09/2017,12000,12000,12040,12053,12000,12030,12063,15493,12000,12000,12117,15610,15577,15610,15383,15597
3/09/2017,12000,12000,12040,12053,12000,12030,12063,15493,12000,12000,12117,15610,15577,15610,15383,15597
4/09/2017,12000,12000,12040,12053,12000,12030,12063,15493,12000,12000,12117,15610,15577,15610,15383,15597
5/09/2017,12000,12000,12040,12053,12000,12030,12063,15493,12000,12000,12117,15610,15577,15610,15383,15597
6/09/2017,12000,12000,12040,12053,12000,12030,12063,15493,12000,12000,12117,15610,15577,15610,15383,15597
7/09/2017,12000,12000,12040,12053,12000,12030,12063,15493,12000,12000,12117,15610,15577,15610,15383,15597
8/09/2017,12000,12000,12040,12053,12000,12030,12063,15493,12000,12000,12117,15610,15577,15610,15383,15597
9/09/2017,12000,12000,12040,12053,12000,12030,12063,15493,12000,12000,12117,15610,15577,15610,15383,15597
10/09/2017,12000,12000,12040,12053,12000,12030,12063,15493,12000,12000,12117,15610,15577,15610,15383,15597
11/09/2017,12000,12000,12040,12053,12000,12030,12063,15493,12000,12000,12117,15610,15577,15610,15383,15597
12/09/2017,12000,12000,12040,12053,12000,12030,12063,15493,12000,12000,12117,15610,15577,15610,15383,15597
13/09/2017,12000,12000,12040,12053,12000,12030,12063,15493,12000,12000,12117,15610,15577,15610,15383,15597
14/09/2017,12000,12000,12040,12053,12000,12030,12063,15493,12000,12000,12117,15610,15577,15610,15383,15597
15/09/2017,12000,12000,12040,12053,12000,12030,12063,15493,12000,12000,12117,15610,15577,15610,15383,15597
16/09/2017,12000,12000,12040,12053,12000,12030,12063,15493,12000,12000,12117,15610,15577,15610,15383,15597
17/09/2017,12000,12000,12040,12053,12000,12030,12063,15493,12000,12000,12117,15610,15577,15610,15383,15597
18/09/2017,12000,12000,12040,12053,12000,12030,12063,15493,12000,12000,12117,15610,15577,15610,15383,15597
19/09/2017,12000,12000,12040,12053,12000,12030,12063,15493,12000,12000,12117,15610,15577,15610,15383,15597
20/09/2017,12000,12000,12040,12053,12000,12030,12063,15493,12000,12000,12117,15610,15577,15610,15383,15597
21/09/2017,12000,12000,12040,12053,12000,12030,12063,15493,12000,12000,12117,15610,15577,15610,15383,15597
22/09/2017,12000,12000,12040,12053,12000,12030,12063,15493,12000,12000,12117,15610,15577,15610,15383,15597
23/09/2017,12000,12000,12040,12053,12000,12030,12063,15493,12000,12000,12117,15610,15577,15610,15383,15597
24/09/2017,12000,12000,12040,12053,12000,12030,12063,15493,12000,12000,12117,15610,15577,15610,15383,15597
25/09/2017,12000,12000,12040,12053,12000,12030,12063,15493,12000,12000,12117,15610,15577,15610,15383,15597
26/09/2017,12000,12000,12040,12053,12000,12030,12063,15493,12000,12000,12117,15610,15577,15610,15383,15597
27/09/2017,12000,12000,12040,12053,12000,12030,12063,15493,12000,12000,12117,15610,15577,15610,15383,15597
28/09/2017,12000,12000,12040,12053,12000,12030,12063,15493,12000,12000,12117,15610,15577,15610,15383,15597
29/09/2017,12000,12000,12040,12053,12000,12030,12063,15493,12000,12000,12117,15610,15577,15610,15383,15597
30/09/2017,12000,12000,12040,12053,12000,12030,12063,15493,12000,12000,12117,15610,15577,15610,15383,15597
1/10/2017,12290,12290,12290,12290,12290,12290,12329,12652,17100,17116,17155,12690,12652,17516,12652,12690
2/10/2017,12290,12290,12290,12290,12290,12290,12329,12652,17100,17116,17155,12690,12652,17516,12652,12690
3/10/2017,12290,12290,12290,12290,12290,12290,12329,12652,17100,17116,17155,12690,12652,17516,12652,12690
4/10/2017,12290,12290,12290,12290,12290,12290,12329,12652,17100,17116,17155,12690,12652,17516,12652,12690
5/10/2017,12290,12290,12290,12290,12290,12290,12329,12652,17100,17116,17155,12690,12652,17516,12652,12690
6/10/2017,12290,12290,12290,12290,12290,12290,12329,12652,17100,17116,17155,12690,12652,17516,12652,12690
7/10/2017,12290,12290,12290,12290,12290,12290,12329,12652,17100,17116,17155,12690,12652,17516,12652,12690
8/10/2017,12290,12290,12290,12290,12290,12290,12329,12652,17100,17116,17155,12690,12652,17516,12652,12690
9/10/2017,12290,12290,12290,12290,12290,12290,12329,12652,17100,17116,17155,12690,12652,17516,12652,12690
10/10/2017,12290,12290,12290,12290,12290,12290,12329,12652,17100,17116,17155,12690,12652,17516,12652,12690
11/10/2017,12290,12290,12290,12290,12290,12290,12329,12652,17100,17116,17155,12690,12652,17516,12652,12690
12/10/2017,12290,12290,12290,12290,12290,12290,12329,12652,17100,17116,17155,12690,12652,17516,12652,12690
13/10/2017,12290,12290,12290,12290,12290,12290,12329,12652,17100,17116,17155,12690,12652,17516,12652,12690
14/10/2017,12290,12290,12290,12290,12290,12290,12329,12652,17100,17116,17155,12690,12652,17516,12652,12690
15/10/2017,12290,12290,12290,12290,12290,12290,12329,12652,17100,17116,17155,12690,12652,17516,12652,12690
16/10/2017,12290,12290,12290,12290,12290,12290,12329,12652,17100,17116,17155,12690,12652,17516,12652,12690
17/10/2017,12290,12290,12290,12290,12290,12290,12329,12652,17100,17116,17155,12690,12652,17516,12652,12690
18/10/2017,12290,12290,12290,12290,12290,12290,12329,12652,17100,17116,17155,12690,12652,17516,12652,12690
19/10/2017,12290,12290,12290,12290,12290,12290,12329,12652,17100,17116,17155,12690,12652,17516,12652,12690
20/10/2017,12290,12290,12290,12290,12290,12290,12329,12652,17100,17116,17155,12690,12652,17516,12652,12690
21/10/2017,12290,12290,12290,12290,12290,12290,12329,12652,17100,17116,17155,12690,12652,17516,12652,12690
22/10/2017,12290,12290,12290,12290,12290,12290,12329,12652,17100,17116,17155,12690,12652,17516,12652,12690
23/10/2017,12290,12290,12290,12290,12290,12290,12329,12652,17100,17116,17155,12690,12652,17516,12652,12690
24/10/2017,12290,12290,12290,12290,12290,12290,12329,12652,17100,17116,17155,12690,12652,17516,12652,12690
25/10/2017,12290,12290,12290,12290,12290,12290,12329,12652,17100,17116,17155,12690,12652,17516,12652,12690
26/10/2017,12290,12290,12290,12290,12290,12290,12329,12652,17100,17116,17155,12690,12652,17516,12652,12690
27/10/2017,12290,12290,12290,12290,12290,12290,12329,12652,17100,17116,17155,12690,12652,17516,12652,12690
28/10/2017,12290,12290,12290,12290,12290,12290,12329,12652,17100,17116,17155,12690,12652,17516,12652,12690
29/10/2017,12290,12290,12290,12290,12290,12290,12329,12652,17100,17116,17155,12690,12652,17516,12652,12690
30/10/2017,12290,12290,12290,12290,12290,12290,12329,12652,17100,17116,17155,12690,12652,17516,12652,12690
31/10/2017,12290,12290,12290,12290,12290,12290,12329,12652,17100,17116,17155,12690,12652,17516,12652,12690
1/11/2017,13733,13733,13733,13733,13733,13733,13733,13890,17100,17083,17083,13670,13890,17240,13890,13513
2/11/2017,13733,13733,13733,13733,13733,13733,13733,13890,17100,17083,17083,13670,13890,17240,13890,13513
3/11/2017,13733,13733,13733,13733,13733,13733,13733,13890,17100,17083,17083,13670,13890,17240,13890,13513
4/11/2017,13733,13733,13733,13733,13733,13733,13733,13890,17100,17083,17083,13670,13890,17240,13890,13513
5/11/2017,13733,13733,13733,13733,13733,13733,13733,13890,17100,17083,17083,13670,13890,17240,13890,13513
6/11/2017,13733,13733,13733,13733,13733,13733,13733,13890,17100,17083,17083,13670,13890,17240,13890,13513
7/11/2017,13733,13733,13733,13733,13733,13733,13733,13890,17100,17083,17083,13670,13890,17240,13890,13513
8/11/2017,13733,13733,13733,13733,13733,13733,13733,13890,17100,17083,17083,13670,13890,17240,13890,13513
9/11/2017,13733,13733,13733,13733,13733,13733,13733,13890,17100,17083,17083,13670,13890,17240,13890,13513
10/11/2017,13733,13733,13733,13733,13733,13733,13733,13890,17100,17083,17083,13670,13890,17240,13890,13513
11/11/2017,13733,13733,13733,13733,13733,13733,13733,13890,17100,17083,17083,13670,13890,17240,13890,13513
12/11/2017,13733,13733,13733,13733,13733,13733,13733,13890,17100,17083,17083,13670,13890,17240,13890,13513
13/11/2017,13733,13733,13733,13733,13733,13733,13733,13890,17100,17083,17083,13670,13890,17240,13890,13513
14/11/2017,13733,13733,13733,13733,13733,13733,13733,13890,17100,17083,17083,13670,13890,17240,13890,13513
15/11/2017,13733,13733,13733,13733,13733,13733,13733,13890,17100,17083,17083,13670,13890,17240,13890,13513
16/11/2017,13733,13733,13733,13733,13733,13733,13733,13890,17100,17083,17083,13670,13890,17240,13890,13513
17/11/2017,13733,13733,13733,13733,13733,13733,13733,13890,17100,17083,17083,13670,13890,17240,13890,13513
18/11/2017,13733,13733,13733,13733,13733,13733,13733,13890,17100,17083,17083,13670,13890,17240,13890,13513
19/11/2017,13733,13733,13733,13733,13733,13733,13733,13890,17100,17083,17083,13670,13890,17240,13890,13513
20/11/2017,13733,13733,13733,13733,13733,13733,13733,13890,17100,17083,17083,13670,13890,17240,13890,13513
21/11/2017,13733,13733,13733,13733,13733,13733,13733,13890,17100,17083,17083,13670,13890,17240,13890,13513
22/11/2017,13733,13733,13733,13733,13733,13733,13733,13890,17100,17083,17083,13670,13890,17240,13890,13513
23/11/2017,13733,13733,13733,13733,13733,13733,13733,13890,17100,17083,17083,13670,13890,17240,13890,13513
24/11/2017,13733,13733,13733,13733,13733,13733,13733,13890,17100,17083,17083,13670,13890,17240,13890,13513
25/11/2017,13733,13733,13733,13733,13733,13733,13733,13890,17100,17083,17083,13670,13890,17240,13890,13513
26/11/2017,13733,13733,13733,13733,13733,13733,13733,13890,17100,17083,17083,13670,13890,17240,13890,13513
27/11/2017,13733,13733,13733,13733,13733,13733,13733,13890,17100,17083,17083,13670,13890,17240,13890,13513
28/11/2017,13733,13733,13733,13733,13733,13733,13733,13890,17100,17083,17083,13670,13890,17240,13890,13513
29/11/2017,13733,13733,13733,13733,13733,13733,13733,13890,17100,17083,17083,13670,13890,17240,13890,13513
30/11/2017,13733,13733,13733,13733,13733,13733,13733,13890,17100,17083,17083,13670,13890,17240,13890,13513
1/12/2017,7580.645161,7580.645161,7580.645161,7580.645161,7580.645161,7580.645161,7580.645161,7580.645161,15012.90323,13512.90323,15012.90323,6864.516129,7074.193548,13512.90323,7580.645161,7580.645161
2/12/2017,7580.645161,7580.645161,7580.645161,7580.645161,7580.645161,7580.645161,7580.645161,7580.645161,15012.90323,13512.90323,15012.90323,6864.516129,7074.193548,13512.90323,7580.645161,7580.645161
3/12/2017,7580.645161,7580.645161,7580.645161,7580.645161,7580.645161,7580.645161,7580.645161,7580.645161,15012.90323,13512.90323,15012.90323,6864.516129,7074.193548,13512.90323,7580.645161,7580.645161
4/12/2017,7580.645161,7580.645161,7580.645161,7580.645161,7580.645161,7580.645161,7580.645161,7580.645161,15012.90323,13512.90323,15012.90323,6864.516129,7074.193548,13512.90323,7580.645161,7580.645161
5/12/2017,7580.645161,7580.645161,7580.645161,7580.645161,7580.645161,7580.645161,7580.645161,7580.645161,15012.90323,13512.90323,15012.90323,6864.516129,7074.193548,13512.90323,7580.645161,7580.645161
6/12/2017,7580.645161,7580.645161,7580.645161,7580.645161,7580.645161,7580.645161,7580.645161,7580.645161,15012.90323,13512.90323,15012.90323,6864.516129,7074.193548,13512.90323,7580.645161,7580.645161
7/12/2017,7580.645161,7580.645161,7580.645161,7580.645161,7580.645161,7580.645161,7580.645161,7580.645161,15012.90323,13512.90323,15012.90323,6864.516129,7074.193548,13512.90323,7580.645161,7580.645161
8/12/2017,7580.645161,7580.645161,7580.645161,7580.645161,7580.645161,7580.645161,7580.645161,7580.645161,15012.90323,13512.90323,15012.90323,6864.516129,7074.193548,13512.90323,7580.645161,7580.645161
9/12/2017,7580.645161,7580.645161,7580.645161,7580.645161,7580.645161,7580.645161,7580.645161,7580.645161,15012.90323,13512.90323,15012.90323,6864.516129,7074.193548,13512.90323,7580.645161,7580.645161
10/12/2017,7580.645161,7580.645161,7580.645161,7580.645161,7580.645161,7580.645161,7580.645161,7580.645161,15012.90323,13512.90323,15012.90323,6864.516129,7074.193548,13512.90323,7580.645161,7580.645161
11/12/2017,7580.645161,7580.645161,7580.645161,7580.645161,7580.645161,7580.645161,7580.645161,7580.645161,15012.90323,13512.90323,15012.90323,6864.516129,7074.193548,13512.90323,7580.645161,7580.645161
12/12/2017,7580.645161,7580.645161,7580.645161,7580.645161,7580.645161,7580.645161,7580.645161,7580.645161,15012.90323,13512.90323,15012.90323,6864.516129,7074.193548,13512.90323,7580.645161,7580.645161
13/12/2017,7580.645161,7580.645161,7580.645161,7580.645161,7580.645161,7580.645161,7580.645161,7580.645161,15012.90323,13512.90323,15012.90323,6864.516129,7074.193548,13512.90323,7580.645161,7580.645161
14/12/2017,7580.645161,7580.645161,7580.645161,7580.645161,7580.645161,7580.645161,7580.645161,7580.645161,15012.90323,13512.90323,15012.90323,6864.516129,7074.193548,13512.90323,7580.645161,7580.645161
15/12/2017,7580.645161,7580.645161,7580.645161,7580.645161,7580.645161,7580.645161,7580.645161,7580.645161,15012.90323,13512.90323,15012.90323,6864.516129,7074.193548,13512.90323,7580.645161,7580.645161
16/12/2017,7580.645161,7580.645161,7580.645161,7580.645161,7580.645161,7580.645161,7580.645161,7580.645161,15012.90323,13512.90323,15012.90323,6864.516129,7074.193548,13512.90323,7580.645161,7580.645161
17/12/2017,7580.645161,7580.645161,7580.645161,7580.645161,7580.645161,7580.645161,7580.645161,7580.645161,15012.90323,13512.90323,15012.90323,6864.516129,7074.193548,13512.90323,7580.645161,7580.645161
18/12/2017,7580.645161,7580.645161,7580.645161,7580.645161,7580.645161,7580.645161,7580.645161,7580.645161,15012.90323,13512.90323,15012.90323,6864.516129,7074.193548,13512.90323,7580.645161,7580.645161
19/12/2017,7580.645161,7580.645161,7580.645161,7580.645161,7580.645161,7580.645161,7580.645161,7580.645161,15012.90323,13512.90323,15012.90323,6864.516129,7074.193548,13512.90323,7580.645161,7580.645161
20/12/2017,7580.645161,7580.645161,7580.645161,7580.645161,7580.645161,7580.645161,7580.645161,7580.645161,15012.90323,13512.90323,15012.90323,6864.516129,7074.193548,13512.90323,7580.645161,7580.645161
21/12/2017,7580.645161,7580.645161,7580.645161,7580.645161,7580.645161,7580.645161,7580.645161,7580.645161,15012.90323,13512.90323,15012.90323,6864.516129,7074.193548,13512.90323,7580.645161,7580.645161
22/12/2017,7580.645161,7580.645161,7580.645161,7580.645161,7580.645161,7580.645161,7580.645161,7580.645161,15012.90323,13512.90323,15012.90323,6864.516129,7074.193548,13512.90323,7580.645161,7580.645161
23/12/2017,7580.645161,7580.645161,7580.645161,7580.645161,7580.645161,7580.645161,7580.645161,7580.645161,15012.90323,13512.90323,15012.90323,6864.516129,7074.193548,13512.90323,7580.645161,7580.645161
24/12/2017,7580.645161,7580.645161,7580.645161,7580.645161,7580.645161,7580.645161,7580.645161,7580.645161,15012.90323,13512.90323,15012.90323,6864.516129,7074.193548,13512.90323,7580.645161,7580.645161
25/12/2017,7580.645161,7580.645161,7580.645161,7580.645161,7580.645161,7580.645161,7580.645161,7580.645161,15012.90323,13512.90323,15012.90323,6864.516129,7074.193548,13512.90323,7580.645161,7580.645161
26/12/2017,7580.645161,7580.645161,7580.645161,7580.645161,7580.645161,7580.645161,7580.645161,7580.645161,15012.90323,13512.90323,15012.90323,6864.516129,7074.193548,13512.90323,7580.645161,7580.645161
27/12/2017,7580.645161,7580.645161,7580.645161,7580.645161,7580.645161,7580.645161,7580.645161,7580.645161,15012.90323,13512.90323,15012.90323,6864.516129,7074.193548,13512.90323,7580.645161,7580.645161
28/12/2017,7580.645161,7580.645161,7580.645161,7580.645161,7580.645161,7580.645161,7580.645161,7580.645161,15012.90323,13512.90323,15012.90323,6864.516129,7074.193548,13512.90323,7580.645161,7580.645161
29/12/2017,7580.645161,7580.645161,7580.645161,7580.645161,7580.645161,7580.645161,7580.645161,7580.645161,15012.90323,13512.90323,15012.90323,6864.516129,7074.193548,13512.90323,7580.645161,7580.645161
30/12/2017,7580.645161,7580.645161,7580.645161,7580.645161,7580.645161,7580.645161,7580.645161,7580.645161,15012.90323,13512.90323,15012.90323,6864.516129,7074.193548,13512.90323,7580.645161,7580.645161
31/12/2017,7580.645161,7580.645161,7580.645161,7580.645161,7580.645161,7580.645161,7580.645161,7580.645161,15012.90323,13512.90323,15012.90323,6864.516129,7074.193548,13512.90323,7580.645161,7580.645161
1/01/2018,7000,7000,7000,7000,7000,7000,7000,7000,7000,7000,7000,7000,7000,7000,7000,7000
2/01/2018,7000,7000,7000,7000,7000,7000,7000,7000,7000,7000,7000,7000,7000,7000,7000,7000
3/01/2018,7000,7000,7000,7000,7000,7000,7000,7000,7000,7000,7000,7000,7000,7000,7000,7000
4/01/2018,7000,7000,7000,7000,7000,7000,7000,7000,7000,7000,7000,7000,7000,7000,7000,7000
5/01/2018,7000,7000,7000,7000,7000,7000,7000,7000,7000,7000,7000,7000,7000,7000,7000,7000
6/01/2018,7000,7000,7000,7000,7000,7000,7000,7000,7000,7000,7000,7000,7000,7000,7000,7000
7/01/2018,7000,7000,7000,7000,7000,7000,7000,7000,7000,7000,7000,7000,7000,7000,7000,7000
8/01/2018,7000,7000,7000,7000,7000,7000,7000,7000,7000,7000,7000,7000,7000,7000,7000,7000
9/01/2018,7000,7000,7000,7000,7000,7000,7000,7000,7000,7000,7000,7000,7000,7000,7000,7000
10/01/2018,7000,7000,7000,7000,7000,7000,7000,7000,7000,7000,7000,7000,7000,7000,7000,7000
11/01/2018,7000,7000,7000,7000,7000,7000,7000,7000,7000,7000,7000,7000,7000,7000,7000,7000
12/01/2018,7000,7000,7000,7000,7000,7000,7000,7000,7000,7000,7000,7000,7000,7000,7000,7000
13/01/2018,7000,7000,7000,7000,7000,7000,7000,7000,7000,7000,7000,7000,7000,7000,7000,7000
14/01/2018,7000,7000,7000,7000,7000,7000,7000,7000,7000,7000,7000,7000,7000,7000,7000,7000
15/01/2018,7000,7000,7000,7000,7000,7000,7000,7000,7000,7000,7000,7000,7000,7000,7000,7000
16/01/2018,7000,7000,7000,7000,7000,7000,7000,7000,7000,7000,7000,7000,7000,7000,7000,7000
17/01/2018,7000,7000,7000,7000,7000,7000,7000,7000,7000,7000,7000,7000,7000,7000,7000,7000
18/01/2018,7000,7000,7000,7000,7000,7000,7000,7000,7000,7000,7000,7000,7000,7000,7000,7000
19/01/2018,7000,7000,7000,7000,7000,7000,7000,7000,7000,7000,7000,7000,7000,7000,7000,7000
20/01/2018,7000,7000,7000,7000,7000,7000,7000,7000,7000,7000,7000,7000,7000,7000,7000,7000
21/01/2018,7000,7000,7000,7000,7000,7000,7000,7000,7000,7000,7000,7000,7000,7000,7000,7000
22/01/2018,7000,7000,7000,7000,7000,7000,7000,7000,7000,7000,7000,7000,7000,7000,7000,7000
23/01/2018,7000,7000,7000,7000,7000,7000,7000,7000,7000,7000,7000,7000,7000,7000,7000,7000
24/01/2018,7000,7000,7000,7000,7000,7000,7000,7000,7000,7000,7000,7000,7000,7000,7000,7000
25/01/2018,7000,7000,7000,7000,7000,7000,7000,7000,7000,7000,7000,7000,7000,7000,7000,7000
26/01/2018,7000,7000,7000,7000,7000,7000,7000,7000,7000,7000,7000,7000,7000,7000,7000,7000
27/01/2018,7000,7000,7000,7000,7000,7000,7000,7000,7000,7000,7000,7000,7000,7000,7000,7000
28/01/2018,7000,7000,7000,7000,7000,7000,7000,7000,7000,7000,7000,7000,7000,7000,7000,7000
29/01/2018,7000,7000,7000,7000,7000,7000,7000,7000,7000,7000,7000,7000,7000,7000,7000,7000
30/01/2018,7000,7000,7000,7000,7000,7000,7000,7000,7000,7000,7000,7000,7000,7000,7000,7000
31/01/2018,7000,7000,7000,7000,7000,7000,7000,7000,7000,7000,7000,7000,7000,7000,7000,7000
1/02/2018,6678.571429,6678.571429,6678.571429,6678.571429,6678.571429,6678.571429,6678.571429,6678.571429,6678.571429,9235.714286,9235.714286,6678.571429,6678.571429,9235.714286,6678.571429,6678.571429
2/02/2018,6678.571429,6678.571429,6678.571429,6678.571429,6678.571429,6678.571429,6678.571429,6678.571429,6678.571429,9235.714286,9235.714286,6678.571429,6678.571429,9235.714286,6678.571429,6678.571429
3/02/2018,6678.571429,6678.571429,6678.571429,6678.571429,6678.571429,6678.571429,6678.571429,6678.571429,6678.571429,9235.714286,9235.714286,6678.571429,6678.571429,9235.714286,6678.571429,6678.571429
4/02/2018,6678.571429,6678.571429,6678.571429,6678.571429,6678.571429,6678.571429,6678.571429,6678.571429,6678.571429,9235.714286,9235.714286,6678.571429,6678.571429,9235.714286,6678.571429,6678.571429
5/02/2018,6678.571429,6678.571429,6678.571429,6678.571429,6678.571429,6678.571429,6678.571429,6678.571429,6678.571429,9235.714286,9235.714286,6678.571429,6678.571429,9235.714286,6678.571429,6678.571429
6/02/2018,6678.571429,6678.571429,6678.571429,6678.571429,6678.571429,6678.571429,6678.571429,6678.571429,6678.571429,9235.714286,9235.714286,6678.571429,6678.571429,9235.714286,6678.571429,6678.571429
7/02/2018,6678.571429,6678.571429,6678.571429,6678.571429,6678.571429,6678.571429,6678.571429,6678.571429,6678.571429,9235.714286,9235.714286,6678.571429,6678.571429,9235.714286,6678.571429,6678.571429
8/02/2018,6678.571429,6678.571429,6678.571429,6678.571429,6678.571429,6678.571429,6678.571429,6678.571429,6678.571429,9235.714286,9235.714286,6678.571429,6678.571429,9235.714286,6678.571429,6678.571429
9/02/2018,6678.571429,6678.571429,6678.571429,6678.571429,6678.571429,6678.571429,6678.571429,6678.571429,6678.571429,9235.714286,9235.714286,6678.571429,6678.571429,9235.714286,6678.571429,6678.571429
10/02/2018,6678.571429,6678.571429,6678.571429,6678.571429,6678.571429,6678.571429,6678.571429,6678.571429,6678.571429,9235.714286,9235.714286,6678.571429,6678.571429,9235.714286,6678.571429,6678.571429
11/02/2018,6678.571429,6678.571429,6678.571429,6678.571429,6678.571429,6678.571429,6678.571429,6678.571429,6678.571429,9235.714286,9235.714286,6678.571429,6678.571429,9235.714286,6678.571429,6678.571429
12/02/2018,6678.571429,6678.571429,6678.571429,6678.571429,6678.571429,6678.571429,6678.571429,6678.571429,6678.571429,9235.714286,9235.714286,6678.571429,6678.571429,9235.714286,6678.571429,6678.571429
13/02/2018,6678.571429,6678.571429,6678.571429,6678.571429,6678.571429,6678.571429,6678.571429,6678.571429,6678.571429,9235.714286,9235.714286,6678.571429,6678.571429,9235.714286,6678.571429,6678.571429
14/02/2018,6678.571429,6678.571429,6678.571429,6678.571429,6678.571429,6678.571429,6678.571429,6678.571429,6678.571429,9235.714286,9235.714286,6678.571429,6678.571429,9235.714286,6678.571429,6678.571429
15/02/2018,6678.571429,6678.571429,6678.571429,6678.571429,6678.571429,6678.571429,6678.571429,6678.571429,6678.571429,9235.714286,9235.714286,6678.571429,6678.571429,9235.714286,6678.571429,6678.571429
16/02/2018,6678.571429,6678.571429,6678.571429,6678.571429,6678.571429,6678.571429,6678.571429,6678.571429,6678.571429,9235.714286,9235.714286,6678.571429,6678.571429,9235.714286,6678.571429,6678.571429
17/02/2018,6678.571429,6678.571429,6678.571429,6678.571429,6678.571429,6678.571429,6678.571429,6678.571429,6678.571429,9235.714286,9235.714286,6678.571429,6678.571429,9235.714286,6678.571429,6678.571429
18/02/2018,6678.571429,6678.571429,6678.571429,6678.571429,6678.571429,6678.571429,6678.571429,6678.571429,6678.571429,9235.714286,9235.714286,6678.571429,6678.571429,9235.714286,6678.571429,6678.571429
19/02/2018,6678.571429,6678.571429,6678.571429,6678.571429,6678.571429,6678.571429,6678.571429,6678.571429,6678.571429,9235.714286,9235.714286,6678.571429,6678.571429,9235.714286,6678.571429,6678.571429
20/02/2018,6678.571429,6678.571429,6678.571429,6678.571429,6678.571429,6678.571429,6678.571429,6678.571429,6678.571429,9235.714286,9235.714286,6678.571429,6678.571429,9235.714286,6678.571429,6678.571429
21/02/2018,6678.571429,6678.571429,6678.571429,6678.571429,6678.571429,6678.571429,6678.571429,6678.571429,6678.571429,9235.714286,9235.714286,6678.571429,6678.571429,9235.714286,6678.571429,6678.571429
22/02/2018,6678.571429,6678.571429,6678.571429,6678.571429,6678.571429,6678.571429,6678.571429,6678.571429,6678.571429,9235.714286,9235.714286,6678.571429,6678.571429,9235.714286,6678.571429,6678.571429
23/02/2018,6678.571429,6678.571429,6678.571429,6678.571429,6678.571429,6678.571429,6678.571429,6678.571429,6678.571429,9235.714286,9235.714286,6678.571429,6678.571429,9235.714286,6678.571429,6678.571429
24/02/2018,6678.571429,6678.571429,6678.571429,6678.571429,6678.571429,6678.571429,6678.571429,6678.571429,6678.571429,9235.714286,9235.714286,6678.571429,6678.571429,9235.714286,6678.571429,6678.571429
25/02/2018,6678.571429,6678.571429,6678.571429,6678.571429,6678.571429,6678.571429,6678.571429,6678.571429,6678.571429,9235.714286,9235.714286,6678.571429,6678.571429,9235.714286,6678.571429,6678.571429
26/02/2018,6678.571429,6678.571429,6678.571429,6678.571429,6678.571429,6678.571429,6678.571429,6678.571429,6678.571429,9235.714286,9235.714286,6678.571429,6678.571429,9235.714286,6678.571429,6678.571429
27/02/2018,6678.571429,6678.571429,6678.571429,6678.571429,6678.571429,6678.571429,6678.571429,6678.571429,6678.571429,9235.714286,9235.714286,6678.571429,6678.571429,9235.714286,6678.571429,6678.571429
28/02/2018,6678.571429,6678.571429,6678.571429,6678.571429,6678.571429,6678.571429,6678.571429,6678.571429,6678.571429,9235.714286,9235.714286,6678.571429,6678.571429,9235.714286,6678.571429,6678.571429
1/03/2018,7612.903226,7612.903226,7612.903226,7612.903226,7612.903226,7612.903226,7612.903226,7612.903226,7612.903226,7612.903226,7612.903226,7612.903226,7612.903226,7612.903226,7612.903226,7612.903226
2/03/2018,7612.903226,7612.903226,7612.903226,7612.903226,7612.903226,7612.903226,7612.903226,7612.903226,7612.903226,7612.903226,7612.903226,7612.903226,7612.903226,7612.903226,7612.903226,7612.903226
3/03/2018,7612.903226,7612.903226,7612.903226,7612.903226,7612.903226,7612.903226,7612.903226,7612.903226,7612.903226,7612.903226,7612.903226,7612.903226,7612.903226,7612.903226,7612.903226,7612.903226
4/03/2018,7612.903226,7612.903226,7612.903226,7612.903226,7612.903226,7612.903226,7612.903226,7612.903226,7612.903226,7612.903226,7612.903226,7612.903226,7612.903226,7612.903226,7612.903226,7612.903226
5/03/2018,7612.903226,7612.903226,7612.903226,7612.903226,7612.903226,7612.903226,7612.903226,7612.903226,7612.903226,7612.903226,7612.903226,7612.903226,7612.903226,7612.903226,7612.903226,7612.903226
6/03/2018,7612.903226,7612.903226,7612.903226,7612.903226,7612.903226,7612.903226,7612.903226,7612.903226,7612.903226,7612.903226,7612.903226,7612.903226,7612.903226,7612.903226,7612.903226,7612.903226
7/03/2018,7612.903226,7612.903226,7612.903226,7612.903226,7612.903226,7612.903226,7612.903226,7612.903226,7612.903226,7612.903226,7612.903226,7612.903226,7612.903226,7612.903226,7612.903226,7612.903226
8/03/2018,7612.903226,7612.903226,7612.903226,7612.903226,7612.903226,7612.903226,7612.903226,7612.903226,7612.903226,7612.903226,7612.903226,7612.903226,7612.903226,7612.903226,7612.903226,7612.903226
9/03/2018,7612.903226,7612.903226,7612.903226,7612.903226,7612.903226,7612.903226,7612.903226,7612.903226,7612.903226,7612.903226,7612.903226,7612.903226,7612.903226,7612.903226,7612.903226,7612.903226
10/03/2018,7612.903226,7612.903226,7612.903226,7612.903226,7612.903226,7612.903226,7612.903226,7612.903226,7612.903226,7612.903226,7612.903226,7612.903226,7612.903226,7612.903226,7612.903226,7612.903226
11/03/2018,7612.903226,7612.903226,7612.903226,7612.903226,7612.903226,7612.903226,7612.903226,7612.903226,7612.903226,7612.903226,7612.903226,7612.903226,7612.903226,7612.903226,7612.903226,7612.903226
12/03/2018,7612.903226,7612.903226,7612.903226,7612.903226,7612.903226,7612.903226,7612.903226,7612.903226,7612.903226,7612.903226,7612.903226,7612.903226,7612.903226,7612.903226,7612.903226,7612.903226
13/03/2018,7612.903226,7612.903226,7612.903226,7612.903226,7612.903226,7612.903226,7612.903226,7612.903226,7612.903226,7612.903226,7612.903226,7612.903226,7612.903226,7612.903226,7612.903226,7612.903226
14/03/2018,7612.903226,7612.903226,7612.903226,7612.903226,7612.903226,7612.903226,7612.903226,7612.903226,7612.903226,7612.903226,7612.903226,7612.903226,7612.903226,7612.903226,7612.903226,7612.903226
15/03/2018,7612.903226,7612.903226,7612.903226,7612.903226,7612.903226,7612.903226,7612.903226,7612.903226,7612.903226,7612.903226,7612.903226,7612.903226,7612.903226,7612.903226,7612.903226,7612.903226
16/03/2018,7612.903226,7612.903226,7612.903226,7612.903226,7612.903226,7612.903226,7612.903226,7612.903226,7612.903226,7612.903226,7612.903226,7612.903226,7612.903226,7612.903226,7612.903226,7612.903226
17/03/2018,7612.903226,7612.903226,7612.903226,7612.903226,7612.903226,7612.903226,7612.903226,7612.903226,7612.903226,7612.903226,7612.903226,7612.903226,7612.903226,7612.903226,7612.903226,7612.903226
18/03/2018,7612.903226,7612.903226,7612.903226,7612.903226,7612.903226,7612.903226,7612.903226,7612.903226,7612.903226,7612.903226,7612.903226,7612.903226,7612.903226,7612.903226,7612.903226,7612.903226
19/03/2018,7612.903226,7612.903226,7612.903226,7612.903226,7612.903226,7612.903226,7612.903226,7612.903226,7612.903226,7612.903226,7612.903226,7612.903226,7612.903226,7612.903226,7612.903226,7612.903226
20/03/2018,7612.903226,7612.903226,7612.903226,7612.903226,7612.903226,7612.903226,7612.903226,7612.903226,7612.903226,7612.903226,7612.903226,7612.903226,7612.903226,7612.903226,7612.903226,7612.903226
21/03/2018,7612.903226,7612.903226,7612.903226,7612.903226,7612.903226,7612.903226,7612.903226,7612.903226,7612.903226,7612.903226,7612.903226,7612.903226,7612.903226,7612.903226,7612.903226,7612.903226
22/03/2018,7612.903226,7612.903226,7612.903226,7612.903226,7612.903226,7612.903226,7612.903226,7612.903226,7612.903226,7612.903226,7612.903226,7612.903226,7612.903226,7612.903226,7612.903226,7612.903226
23/03/2018,7612.903226,7612.903226,7612.903226,7612.903226,7612.903226,7612.903226,7612.903226,7612.903226,7612.903226,7612.903226,7612.903226,7612.903226,7612.903226,7612.903226,7612.903226,7612.903226
24/03/2018,7612.903226,7612.903226,7612.903226,7612.903226,7612.903226,7612.903226,7612.903226,7612.903226,7612.903226,7612.903226,7612.903226,7612.903226,7612.903226,7612.903226,7612.903226,7612.903226
25/03/2018,7612.903226,7612.903226,7612.903226,7612.903226,7612.903226,7612.903226,7612.903226,7612.903226,7612.903226,7612.903226,7612.903226,7612.903226,7612.903226,7612.903226,7612.903226,7612.903226
26/03/2018,7612.903226,7612.903226,7612.903226,7612.903226,7612.903226,7612.903226,7612.903226,7612.903226,7612.903226,7612.903226,7612.903226,7612.903226,7612.903226,7612.903226,7612.903226,7612.903226
27/03/2018,7612.903226,7612.903226,7612.903226,7612.903226,7612.903226,7612.903226,7612.903226,7612.903226,7612.903226,7612.903226,7612.903226,7612.903226,7612.903226,7612.903226,7612.903226,7612.903226
28/03/2018,7612.903226,7612.903226,7612.903226,7612.903226,7612.903226,7612.903226,7612.903226,7612.903226,7612.903226,7612.903226,7612.903226,7612.903226,7612.903226,7612.903226,7612.903226,7612.903226
29/03/2018,7612.903226,7612.903226,7612.903226,7612.903226,7612.903226,7612.903226,7612.903226,7612.903226,7612.903226,7612.903226,7612.903226,7612.903226,7612.903226,7612.903226,7612.903226,7612.903226
30/03/2018,7612.903226,7612.903226,7612.903226,7612.903226,7612.903226,7612.903226,7612.903226,7612.903226,7612.903226,7612.903226,7612.903226,7612.903226,7612.903226,7612.903226,7612.903226,7612.903226
31/03/2018,7612.903226,7612.903226,7612.903226,7612.903226,7612.903226,7612.903226,7612.903226,7612.903226,7612.903226,7612.903226,7612.903226,7612.903226,7612.903226,7612.903226,7612.903226,7612.903226
1/04/2018,6167,6167,6167,6167,6167,6167,6167,6167,6167,6167,6167,6167,6167,6167,6167,6167
2/04/2018,6167,6167,6167,6167,6167,6167,6167,6167,6167,6167,6167,6167,6167,6167,6167,6167
3/04/2018,6167,6167,6167,6167,6167,6167,6167,6167,6167,6167,6167,6167,6167,6167,6167,6167
4/04/2018,6167,6167,6167,6167,6167,6167,6167,6167,6167,6167,6167,6167,6167,6167,6167,6167
5/04/2018,6167,6167,6167,6167,6167,6167,6167,6167,6167,6167,6167,6167,6167,6167,6167,6167
6/04/2018,6167,6167,6167,6167,6167,6167,6167,6167,6167,6167,6167,6167,6167,6167,6167,6167
7/04/2018,6167,6167,6167,6167,6167,6167,6167,6167,6167,6167,6167,6167,6167,6167,6167,6167
8/04/2018,6167,6167,6167,6167,6167,6167,6167,6167,6167,6167,6167,6167,6167,6167,6167,6167
9/04/2018,6167,6167,6167,6167,6167,6167,6167,6167,6167,6167,6167,6167,6167,6167,6167,6167
10/04/2018,6167,6167,6167,6167,6167,6167,6167,6167,6167,6167,6167,6167,6167,6167,6167,6167
11/04/2018,6167,6167,6167,6167,6167,6167,6167,6167,6167,6167,6167,6167,6167,6167,6167,6167
12/04/2018,6167,6167,6167,6167,6167,6167,6167,6167,6167,6167,6167,6167,6167,6167,6167,6167
13/04/2018,6167,6167,6167,6167,6167,6167,6167,6167,6167,6167,6167,6167,6167,6167,6167,6167
14/04/2018,6167,6167,6167,6167,6167,6167,6167,6167,6167,6167,6167,6167,6167,6167,6167,6167
15/04/2018,6167,6167,6167,6167,6167,6167,6167,6167,6167,6167,6167,6167,6167,6167,6167,6167
16/04/2018,6167,6167,6167,6167,6167,6167,6167,6167,6167,6167,6167,6167,6167,6167,6167,6167
17/04/2018,6167,6167,6167,6167,6167,6167,6167,6167,6167,6167,6167,6167,6167,6167,6167,6167
18/04/2018,6167,6167,6167,6167,6167,6167,6167,6167,6167,6167,6167,6167,6167,6167,6167,6167
19/04/2018,6167,6167,6167,6167,6167,6167,6167,6167,6167,6167,6167,6167,6167,6167,6167,6167
20/04/2018,6167,6167,6167,6167,6167,6167,6167,6167,6167,6167,6167,6167,6167,6167,6167,6167
21/04/2018,6167,6167,6167,6167,6167,6167,6167,6167,6167,6167,6167,6167,6167,6167,6167,6167
22/04/2018,6167,6167,6167,6167,6167,6167,6167,6167,6167,6167,6167,6167,6167,6167,6167,6167
23/04/2018,6167,6167,6167,6167,6167,6167,6167,6167,6167,6167,6167,6167,6167,6167,6167,6167
24/04/2018,6167,6167,6167,6167,6167,6167,6167,6167,6167,6167,6167,6167,6167,6167,6167,6167
25/04/2018,6167,6167,6167,6167,6167,6167,6167,6167,6167,6167,6167,6167,6167,6167,6167,6167
26/04/2018,6167,6167,6167,6167,6167,6167,6167,6167,6167,6167,6167,6167,6167,6167,6167,6167
27/04/2018,6167,6167,6167,6167,6167,6167,6167,6167,6167,6167,6167,6167,6167,6167,6167,6167
28/04/2018,6167,6167,6167,6167,6167,6167,6167,6167,6167,6167,6167,6167,6167,6167,6167,6167
29/04/2018,6167,6167,6167,6167,6167,6167,6167,6167,6167,6167,6167,6167,6167,6167,6167,6167
30/04/2018,6167,6167,6167,6167,6167,6167,6167,6167,6167,6167,6167,6167,6167,6167,6167,6167
1/05/2018,3000,3000,3000,3000,3000,3000,3000,3000,3000,5300,5300,3000,3000,5300,3000,3000
2/05/2018,3000,3000,3000,3000,3000,3000,3000,3000,3000,5300,5300,3000,3000,5300,3000,3000
3/05/2018,3000,3000,3000,3000,3000,3000,3000,3000,3000,5300,5300,3000,3000,5300,3000,3000
4/05/2018,3000,3000,3000,3000,3000,3000,3000,3000,3000,5300,5300,3000,3000,5300,3000,3000
5/05/2018,3000,3000,3000,3000,3000,3000,3000,3000,3000,5300,5300,3000,3000,5300,3000,3000
6/05/2018,3000,3000,3000,3000,3000,3000,3000,3000,3000,5300,5300,3000,3000,5300,3000,3000
7/05/2018,3000,3000,3000,3000,3000,3000,3000,3000,3000,5300,5300,3000,3000,5300,3000,3000
8/05/2018,3000,3000,3000,3000,3000,3000,3000,3000,3000,5300,5300,3000,3000,5300,3000,3000
9/05/2018,3000,3000,3000,3000,3000,3000,3000,3000,3000,5300,5300,3000,3000,5300,3000,3000
10/05/2018,3000,3000,3000,3000,3000,3000,3000,3000,3000,5300,5300,3000,3000,5300,3000,3000
11/05/2018,3000,3000,3000,3000,3000,3000,3000,3000,3000,5300,5300,3000,3000,5300,3000,3000
12/05/2018,3000,3000,3000,3000,3000,3000,3000,3000,3000,5300,5300,3000,3000,5300,3000,3000
13/05/2018,3000,3000,3000,3000,3000,3000,3000,3000,3000,5300,5300,3000,3000,5300,3000,3000
14/05/2018,3000,3000,3000,3000,3000,3000,3000,3000,3000,5300,5300,3000,3000,5300,3000,3000
15/05/2018,3000,3000,3000,3000,3000,3000,3000,3000,3000,5300,5300,3000,3000,5300,3000,3000
16/05/2018,3000,3000,3000,3000,3000,3000,3000,3000,3000,5300,5300,3000,3000,5300,3000,3000
17/05/2018,3000,3000,3000,3000,3000,3000,3000,3000,3000,5300,5300,3000,3000,5300,3000,3000
18/05/2018,3000,3000,3000,3000,3000,3000,3000,3000,3000,5300,5300,3000,3000,5300,3000,3000
19/05/2018,3000,3000,3000,3000,3000,3000,3000,3000,3000,5300,5300,3000,3000,5300,3000,3000
20/05/2018,3000,3000,3000,3000,3000,3000,3000,3000,3000,5300,5300,3000,3000,5300,3000,3000
21/05/2018,3000,3000,3000,3000,3000,3000,3000,3000,3000,5300,5300,3000,3000,5300,3000,3000
22/05/2018,3000,3000,3000,3000,3000,3000,3000,3000,3000,5300,5300,3000,3000,5300,3000,3000
23/05/2018,3000,3000,3000,3000,3000,3000,3000,3000,3000,5300,5300,3000,3000,5300,3000,3000
24/05/2018,3000,3000,3000,3000,3000,3000,3000,3000,3000,5300,5300,3000,3000,5300,3000,3000
25/05/2018,3000,3000,3000,3000,3000,3000,3000,3000,3000,5300,5300,3000,3000,5300,3000,3000
26/05/2018,3000,3000,3000,3000,3000,3000,3000,3000,3000,5300,5300,3000,3000,5300,3000,3000
27/05/2018,3000,3000,3000,3000,3000,3000,3000,3000,3000,5300,5300,3000,3000,5300,3000,3000
28/05/2018,3000,3000,3000,3000,3000,3000,3000,3000,3000,5300,5300,3000,3000,5300,3000,3000
29/05/2018,3000,3000,3000,3000,3000,3000,3000,3000,3000,5300,5300,3000,3000,5300,3000,3000
30/05/2018,3000,3000,3000,3000,3000,3000,3000,3000,3000,5300,5300,3000,3000,5300,3000,3000
31/05/2018,3000,3000,3000,3000,3000,3000,3000,3000,3000,5300,5300,3000,3000,5300,3000,3000
1/06/2018,3000,3000,3000,3000,3000,3000,3000,3000,3000,7400,7400,3000,3000,7400,3000,3000
2/06/2018,3000,3000,3000,3000,3000,3000,3000,3000,3000,7400,7400,3000,3000,7400,3000,3000
3/06/2018,3000,3000,3000,3000,3000,3000,3000,3000,3000,7400,7400,3000,3000,7400,3000,3000
4/06/2018,3000,3000,3000,3000,3000,3000,3000,3000,3000,7400,7400,3000,3000,7400,3000,3000
5/06/2018,3000,3000,3000,3000,3000,3000,3000,3000,3000,7400,7400,3000,3000,7400,3000,3000
6/06/2018,3000,3000,3000,3000,3000,3000,3000,3000,3000,7400,7400,3000,3000,7400,3000,3000
7/06/2018,3000,3000,3000,3000,3000,3000,3000,3000,3000,7400,7400,3000,3000,7400,3000,3000
8/06/2018,3000,3000,3000,3000,3000,3000,3000,3000,3000,7400,7400,3000,3000,7400,3000,3000
9/06/2018,3000,3000,3000,3000,3000,3000,3000,3000,3000,7400,7400,3000,3000,7400,3000,3000
10/06/2018,3000,3000,3000,3000,3000,3000,3000,3000,3000,7400,7400,3000,3000,7400,3000,3000
11/06/2018,3000,3000,3000,3000,3000,3000,3000,3000,3000,7400,7400,3000,3000,7400,3000,3000
12/06/2018,3000,3000,3000,3000,3000,3000,3000,3000,3000,7400,7400,3000,3000,7400,3000,3000
13/06/2018,3000,3000,3000,3000,3000,3000,3000,3000,3000,7400,7400,3000,3000,7400,3000,3000
14/06/2018,3000,3000,3000,3000,3000,3000,3000,3000,3000,7400,7400,3000,3000,7400,3000,3000
15/06/2018,3000,3000,3000,3000,3000,3000,3000,3000,3000,7400,7400,3000,3000,7400,3000,3000
16/06/2018,3000,3000,3000,3000,3000,3000,3000,3000,3000,7400,7400,3000,3000,7400,3000,3000
17/06/2018,3000,3000,3000,3000,3000,3000,3000,3000,3000,7400,7400,3000,3000,7400,3000,3000
18/06/2018,3000,3000,3000,3000,3000,3000,3000,3000,3000,7400,7400,3000,3000,7400,3000,3000
19/06/2018,3000,3000,3000,3000,3000,3000,3000,3000,3000,7400,7400,3000,3000,7400,3000,3000
20/06/2018,3000,3000,3000,3000,3000,3000,3000,3000,3000,7400,7400,3000,3000,7400,3000,3000
21/06/2018,3000,3000,3000,3000,3000,3000,3000,3000,3000,7400,7400,3000,3000,7400,3000,3000
22/06/2018,3000,3000,3000,3000,3000,3000,3000,3000,3000,7400,7400,3000,3000,7400,3000,3000
23/06/2018,3000,3000,3000,3000,3000,3000,3000,3000,3000,7400,7400,3000,3000,7400,3000,3000
24/06/2018,3000,3000,3000,3000,3000,3000,3000,3000,3000,7400,7400,3000,3000,7400,3000,3000
25/06/2018,3000,3000,3000,3000,3000,3000,3000,3000,3000,7400,7400,3000,3000,7400,3000,3000
26/06/2018,3000,3000,3000,3000,3000,3000,3000,3000,3000,7400,7400,3000,3000,7400,3000,3000
27/06/2018,3000,3000,3000,3000,3000,3000,3000,3000,3000,7400,7400,3000,3000,7400,3000,3000
28/06/2018,3000,3000,3000,3000,3000,3000,3000,3000,3000,7400,7400,3000,3000,7400,3000,3000
29/06/2018,3000,3000,3000,3000,3000,3000,3000,3000,3000,7400,7400,3000,3000,7400,3000,3000
30/06/2018,3000,3000,3000,3000,3000,3000,3000,3000,3000,7400,7400,3000,3000,7400,3000,3000
