Date,SA Only_ Ops - Daily Total Barrage Released (ML.day^-1)
2013-07-01,1642.8800000000001
2013-07-02,1043.01
2013-07-03,823.58000000000004
2013-07-04,399.37
2013-07-05,-345.44999999999999
2013-07-06,-124.01000000000001
2013-07-07,51.380000000000003
2013-07-08,942.36000000000001
2013-07-09,2748.6300000000001
2013-07-10,2920.5300000000002
2013-07-11,2830.3200000000002
2013-07-12,2772.29
2013-07-13,2944.77
2013-07-14,2328.0300000000002
2013-07-15,2422.4699999999998
2013-07-16,2881.23
2013-07-17,3480.2199999999998
2013-07-18,2591.0100000000002
2013-07-19,-1133.0999999999999
2013-07-20,-1034.4300000000001
2013-07-21,356.10000000000002
2013-07-22,89.060000000000002
2013-07-23,1955.1600000000001
2013-07-24,3788.1999999999998
2013-07-25,4136.6099999999997
2013-07-26,3995.71
2013-07-27,4680.79
2013-07-28,3607.3400000000001
2013-07-29,2892.04
2013-07-30,3388.8699999999999
2013-07-31,3807.6100000000001
2013-08-01,4027.8600000000001
2013-08-02,1219.3099999999999
2013-08-03,1672.8399999999999
2013-08-04,960.41999999999996
2013-08-05,1194.45
2013-08-06,1678.1099999999999
2013-08-07,1154.71
2013-08-08,4111.7700000000004
2013-08-09,4929.9799999999996
2013-08-10,10359.280000000001
2013-08-11,12130.950000000001
2013-08-12,6606.8999999999996
2013-08-13,5393.5600000000004
2013-08-14,-2450.8400000000001
2013-08-15,7485.4499999999998
2013-08-16,9493.4300000000003
2013-08-17,4352.6800000000003
2013-08-18,-4440.4099999999999
2013-08-19,-4746.7299999999996
2013-08-20,5726.6000000000004
2013-08-21,17560.439999999999
2013-08-22,14339.129999999999
2013-08-23,9850.7199999999993
2013-08-24,18118.580000000002
2013-08-25,21195.830000000002
2013-08-26,25258.110000000001
2013-08-27,27734.740000000002
2013-08-28,19217.669999999998
2013-08-29,14486.57
2013-08-30,9776.4200000000001
2013-08-31,12204.299999999999
2013-09-01,12095.6
2013-09-02,11815.549999999999
2013-09-03,13158.440000000001
2013-09-04,13538.889999999999
2013-09-05,11561.49
2013-09-06,11910.120000000001
2013-09-07,11682.950000000001
2013-09-08,13604.190000000001
2013-09-09,8470.1200000000008
2013-09-10,2315.77
2013-09-11,8108.9499999999998
2013-09-12,13667.17
2013-09-13,12760.059999999999
2013-09-14,10821.860000000001
2013-09-15,14173.299999999999
2013-09-16,8061.7399999999998
2013-09-17,6444.6800000000003
2013-09-18,1934.01
2013-09-19,3324.1799999999998
2013-09-20,5700.9799999999996
2013-09-21,9619.1200000000008
2013-09-22,9350.1200000000008
2013-09-23,11979.879999999999
2013-09-24,11878.08
2013-09-25,8919.0599999999995
2013-09-26,-5372.6300000000001
2013-09-27,8821.8199999999997
2013-09-28,16.879999999999999
2013-09-29,45.75
2013-09-30,14355.43
2013-10-01,-6372.3800000000001
2013-10-02,-82.379999999999995
2013-10-03,6911.8500000000004
2013-10-04,31847.91
2013-10-05,32583.970000000001
2013-10-06,0
2013-10-07,31314.68
2013-10-08,34097.660000000003
2013-10-09,33068.690000000002
2013-10-10,11061.459999999999
2013-10-11,28265.48
2013-10-12,20745.59
2013-10-13,-81.590000000000003
2013-10-14,24.390000000000001
2013-10-15,18998.23
2013-10-16,29721.610000000001
2013-10-17,-16723.509999999998
2013-10-18,1797.6099999999999
2013-10-19,15283.25
2013-10-20,19979.790000000001
2013-10-21,21150.720000000001
2013-10-22,21424.389999999999
2013-10-23,-1566.3599999999999
2013-10-24,12.81
2013-10-25,26.77
2013-10-26,2742.2800000000002
2013-10-27,5953.0600000000004
2013-10-28,3654.3099999999999
2013-10-29,3828.52
2013-10-30,4149.6999999999998
2013-10-31,4449.0699999999997
2013-11-01,1900.5
2013-11-02,894.63999999999999
2013-11-03,6.1100000000000003
2013-11-04,1030.3
2013-11-05,2003.5899999999999
2013-11-06,1815.3900000000001
2013-11-07,1300.48
2013-11-08,603.07000000000005
2013-11-09,909.95000000000005
2013-11-10,1806.9200000000001
2013-11-11,1844.95
2013-11-12,1883.6700000000001
2013-11-13,2240.0599999999999
2013-11-14,2602.6999999999998
2013-11-15,2675.3800000000001
2013-11-16,2597.8600000000001
2013-11-17,2560.3000000000002
2013-11-18,2538.8200000000002
2013-11-19,1068.3599999999999
2013-11-20,1459.52
2013-11-21,3116
2013-11-22,3102.0500000000002
2013-11-23,3013.6500000000001
2013-11-24,3473.6999999999998
2013-11-25,3793.7399999999998
2013-11-26,3624.1900000000001
2013-11-27,2774.27
2013-11-28,1711.24
2013-11-29,1638.98
2013-11-30,1950.1800000000001
2013-12-01,1912.24
2013-12-02,1565.5
2013-12-03,1494.3399999999999
2013-12-04,1774.75
2013-12-05,-4.7999999999999998
2013-12-06,2603.4899999999998
2013-12-07,5138.0500000000002
2013-12-08,4953.8900000000003
2013-12-09,3965.96
2013-12-10,3004.4699999999998
2013-12-11,3001.4200000000001
2013-12-12,3088.3299999999999
2013-12-13,2891.1399999999999
2013-12-14,2605.6900000000001
2013-12-15,2794.3299999999999
2013-12-16,2341.1599999999999
2013-12-17,1787.5699999999999
2013-12-18,1715.1800000000001
2013-12-19,1642.4200000000001
2013-12-20,807.84000000000003
2013-12-21,1545.49
2013-12-22,1736.6099999999999
2013-12-23,1790.1600000000001
2013-12-24,2197.9299999999998
2013-12-25,2182.7399999999998
2013-12-26,1736.3
2013-12-27,2236.5900000000001
2013-12-28,1708.22
2013-12-29,2058.6999999999998
2013-12-30,2196.7800000000002
2013-12-31,1979.29
2014-01-01,1979.29
2014-01-02,1502.53
2014-01-03,483.24000000000001
2014-01-04,14.9
2014-01-05,13.58
2014-01-06,297.75999999999999
2014-01-07,794.20000000000005
2014-01-08,1135.6900000000001
2014-01-09,937.50999999999999
2014-01-10,1180.5999999999999
2014-01-11,817.45000000000005
2014-01-12,923.70000000000005
2014-01-13,992.96000000000004
2014-01-14,966.28999999999996
2014-01-15,967.13999999999999
2014-01-16,966.90999999999997
2014-01-17,575.76999999999998
2014-01-18,18.07
2014-01-19,20.890000000000001
2014-01-20,510.75999999999999
2014-01-21,797.35000000000002
2014-01-22,871.83000000000004
2014-01-23,871.15999999999997
2014-01-24,698.88
2014-01-25,796.73000000000002
2014-01-26,899.38999999999999
2014-01-27,850.24000000000001
2014-01-28,704.47000000000003
2014-01-29,631.38999999999999
2014-01-30,726.24000000000001
2014-01-31,635.55999999999995
2014-02-01,456.83999999999997
2014-02-02,291.97000000000003
2014-02-03,103.95999999999999
2014-02-04,256.36000000000001
2014-02-05,299.33999999999997
2014-02-06,264.32999999999998
2014-02-07,276.51999999999998
2014-02-08,304.66000000000003
2014-02-09,185.81999999999999
2014-02-10,274.44999999999999
2014-02-11,294.77999999999997
2014-02-12,284.94
2014-02-13,307.56999999999999
2014-02-14,313.24000000000001
2014-02-15,211.97
2014-02-16,234.88999999999999
2014-02-17,289.20999999999998
2014-02-18,270.49000000000001
2014-02-19,106.58
2014-02-20,203.13999999999999
2014-02-21,234.81
2014-02-22,254.74000000000001
2014-02-23,284.63
2014-02-24,278.66000000000003
2014-02-25,250.96000000000001
2014-02-26,241.63
2014-02-27,246.66
2014-02-28,297.97000000000003
2014-03-01,412.05000000000001
2014-03-02,445.5
2014-03-03,465.54000000000002
2014-03-04,451.61000000000001
2014-03-05,361.63999999999999
2014-03-06,421.02999999999997
2014-03-07,436.73000000000002
2014-03-08,486.19
2014-03-09,466.81
2014-03-10,461.87
2014-03-11,415.01999999999998
2014-03-12,424.54000000000002
2014-03-13,459.72000000000003
2014-03-14,295.29000000000002
2014-03-15,6.75
2014-03-16,4.1399999999999997
2014-03-17,9.0399999999999991
2014-03-18,162.28999999999999
2014-03-19,384.73000000000002
2014-03-20,471.44
2014-03-21,121.17
2014-03-22,16.690000000000001
2014-03-23,13.68
2014-03-24,291.72000000000003
2014-03-25,767.14999999999998
2014-03-26,1107.0999999999999
2014-03-27,1126.79
2014-03-28,1079.5
2014-03-29,1070.48
2014-03-30,1140.46
2014-03-31,1399.6800000000001
2014-04-01,1386.8699999999999
2014-04-02,946.32000000000005
2014-04-03,693.24000000000001
2014-04-04,888.57000000000005
2014-04-05,1721.6199999999999
2014-04-06,1835.0799999999999
2014-04-07,1961.96
2014-04-08,1800.24
2014-04-09,2098.5100000000002
2014-04-10,1871.73
2014-04-11,2140.6700000000001
2014-04-12,2827.2800000000002
2014-04-13,2597.9000000000001
2014-04-14,2644.1100000000001
2014-04-15,2825.5500000000002
2014-04-16,2624
2014-04-17,2206.98
2014-04-18,1462.1700000000001
2014-04-19,1869.96
2014-04-20,2042.6800000000001
2014-04-21,2409.1599999999999
2014-04-22,1661.96
2014-04-23,2178.8099999999999
2014-04-24,2059.0900000000001
2014-04-25,2608.4099999999999
2014-04-26,2067.1399999999999
2014-04-27,2832.96
2014-04-28,3304.5300000000002
2014-04-29,1422.0899999999999
2014-04-30,1469.52
2014-05-01,2077.6999999999998
2014-05-02,561.44000000000005
2014-05-03,-13.710000000000001
2014-05-04,15.050000000000001
2014-05-05,1512.8800000000001
2014-05-06,2843.21
2014-05-07,3130.5100000000002
2014-05-08,3496.7600000000002
2014-05-09,3412.6900000000001
2014-05-10,2706.8400000000001
2014-05-11,2599.9699999999998
2014-05-12,2762.1999999999998
2014-05-13,2895.0900000000001
2014-05-14,2656.96
2014-05-15,2295.7600000000002
2014-05-16,2385.6700000000001
2014-05-17,2289.0599999999999
2014-05-18,2181.1300000000001
2014-05-19,2239.8299999999999
2014-05-20,2354.3200000000002
2014-05-21,2564.6199999999999
2014-05-22,2451.5999999999999
2014-05-23,2350.8200000000002
2014-05-24,2478.3600000000001
2014-05-25,2369.4499999999998
2014-05-26,2192.04
2014-05-27,743.58000000000004
2014-05-28,773.38
2014-05-29,1140.1700000000001
2014-05-30,1717.28
2014-05-31,2013.1900000000001
2014-06-01,1704.6400000000001
2014-06-02,2137.6399999999999
2014-06-03,2139.0999999999999
2014-06-04,2110.4899999999998
2014-06-05,2181.8699999999999
2014-06-06,2299.0900000000001
2014-06-07,2355.0700000000002
2014-06-08,2496.6399999999999
2014-06-09,2768.48
2014-06-10,2948.98
2014-06-11,2545.3600000000001
2014-06-12,1782.04
2014-06-13,765.38999999999999
2014-06-14,5.5599999999999996
2014-06-15,12.49
2014-06-16,687.47000000000003
2014-06-17,1809.05
2014-06-18,2654.5799999999999
2014-06-19,2773.7600000000002
2014-06-20,1527.28
2014-06-21,1613.8800000000001
2014-06-22,2515.73
2014-06-23,300.63999999999999
2014-06-24,-36.93
2014-06-25,-14.67
2014-06-26,0.68999999999999995
2014-06-27,13.99
2014-06-28,-26.800000000000001
2014-06-29,-35.359999999999999
2014-06-30,-6.6699999999999999
2014-07-01,2695.3800000000001
2014-07-02,4696.3900000000003
2014-07-03,4696.3900000000003
2014-07-04,2660.5300000000002
2014-07-05,8.3900000000000006
2014-07-06,655.25
2014-07-07,3359.79
2014-07-08,4025.0100000000002
2014-07-09,696.87
2014-07-10,-29.920000000000002
2014-07-11,14.289999999999999
2014-07-12,16.800000000000001
2014-07-13,31.969999999999999
2014-07-14,4124.1499999999996
2014-07-15,6777.9200000000001
2014-07-16,3829.5900000000001
2014-07-17,-5.5099999999999998
2014-07-18,2562.5700000000002
2014-07-19,6689.2399999999998
2014-07-20,8630.3400000000001
2014-07-21,8948.0100000000002
2014-07-22,9062.7999999999993
2014-07-23,9973.4400000000005
2014-07-24,8715.4300000000003
2014-07-25,7784.8599999999997
2014-07-26,7991.6800000000003
2014-07-27,8393.9799999999996
2014-07-28,7232.7299999999996
2014-07-29,4839.1099999999997
2014-07-30,3143.1999999999998
2014-07-31,1664.5699999999999
2014-08-01,-35.799999999999997
2014-08-02,17.859999999999999
2014-08-03,1687.98
2014-08-04,3075.9200000000001
2014-08-05,3000.02
2014-08-06,5697.29
2014-08-07,8704.6800000000003
2014-08-08,10013.16
2014-08-09,11573.790000000001
2014-08-10,13033.41
2014-08-11,19280.869999999999
2014-08-12,17888.77
2014-08-13,19229.279999999999
2014-08-14,19328.389999999999
2014-08-15,22534.990000000002
2014-08-16,23524.470000000001
2014-08-17,22494.09
2014-08-18,22614.970000000001
2014-08-19,22174.700000000001
2014-08-20,21924.650000000001
2014-08-21,17211
2014-08-22,18378.040000000001
2014-08-23,17204.389999999999
2014-08-24,11449.34
2014-08-25,5047.54
2014-08-26,2548.8699999999999
2014-08-27,2594.1799999999998
2014-08-28,2621.1399999999999
2014-08-29,2724.54
2014-08-30,2803.0500000000002
2014-08-31,2780.6199999999999
2014-09-01,2095.9899999999998
2014-09-02,2201.23
2014-09-03,2927.5799999999999
2014-09-04,2965.3099999999999
2014-09-05,2750.98
2014-09-06,2908.7199999999998
2014-09-07,3201.5700000000002
2014-09-08,3706.5999999999999
2014-09-09,2107.0700000000002
2014-09-10,1385.45
2014-09-11,1006.55
2014-09-12,2034.55
2014-09-13,2563.5300000000002
2014-09-14,2661.1399999999999
2014-09-15,1887.5999999999999
2014-09-16,1724.1700000000001
2014-09-17,1581.9000000000001
2014-09-18,1962.6900000000001
2014-09-19,2204.9299999999998
2014-09-20,2251.1700000000001
2014-09-21,2239.0900000000001
2014-09-22,2247.9200000000001
2014-09-23,2274.8200000000002
2014-09-24,1897.05
2014-09-25,1729.9200000000001
2014-09-26,1936.0899999999999
2014-09-27,2085.0599999999999
2014-09-28,1798.3299999999999
2014-09-29,1451.9400000000001
2014-09-30,830.03999999999996
2014-10-01,1415.72
2014-10-02,1843.01
2014-10-03,2094.0300000000002
2014-10-04,1869.8199999999999
2014-10-05,1912.3199999999999
2014-10-06,1811.54
2014-10-07,1308.1099999999999
2014-10-08,1770.4200000000001
2014-10-09,2044.9400000000001
2014-10-10,1463.26
2014-10-11,867.99000000000001
2014-10-12,748.42999999999995
2014-10-13,708.92999999999995
2014-10-14,1557.1600000000001
2014-10-15,1943.0999999999999
2014-10-16,2010.8399999999999
2014-10-17,2386.7399999999998
2014-10-18,2349.4099999999999
2014-10-19,1980.76
2014-10-20,2304.2199999999998
2014-10-21,2488.1799999999998
2014-10-22,1701.48
2014-10-23,1966.79
2014-10-24,2066.8400000000001
2014-10-25,2037.4000000000001
2014-10-26,2105.9699999999998
2014-10-27,433.81999999999999
2014-10-28,621.78999999999996
2014-10-29,1330.6300000000001
2014-10-30,1712.72
2014-10-31,1692.1900000000001
2014-11-01,8.1500000000000004
2014-11-02,267.58999999999997
2014-11-03,1583.6300000000001
2014-11-04,1501.28
2014-11-05,1729.51
2014-11-06,2008.02
2014-11-07,2130.3099999999999
2014-11-08,1539.9100000000001
2014-11-09,1696.26
2014-11-10,1720.6199999999999
2014-11-11,1994.3699999999999
2014-11-12,2272.48
2014-11-13,2239.8200000000002
2014-11-14,1872.5599999999999
2014-11-15,2101.1300000000001
2014-11-16,1675.79
2014-11-17,1944.4400000000001
2014-11-18,2123.7800000000002
2014-11-19,2386.0599999999999
2014-11-20,2012.1600000000001
2014-11-21,2068.98
2014-11-22,2305.5999999999999
2014-11-23,2116.04
2014-11-24,1240.8199999999999
2014-11-25,1602.9000000000001
2014-11-26,1963.26
2014-11-27,2080.4099999999999
2014-11-28,2256.3299999999999
2014-11-29,2371.1900000000001
2014-11-30,2105.52
2014-12-01,1862.73
2014-12-02,2246.1599999999999
2014-12-03,2213.1199999999999
2014-12-04,1640.05
2014-12-05,1665.5699999999999
2014-12-06,1117.6800000000001
2014-12-07,1468.1199999999999
2014-12-08,1824.6300000000001
2014-12-09,2080.8499999999999
2014-12-10,1771.1900000000001
2014-12-11,1523.95
2014-12-12,2312.6300000000001
2014-12-13,2266.8099999999999
2014-12-14,2078.3200000000002
2014-12-15,2126.71
2014-12-16,1328.1500000000001
2014-12-17,1867.28
2014-12-18,1386.75
2014-12-19,1701.6500000000001
2014-12-20,1922.4100000000001
2014-12-21,1839.8800000000001
2014-12-22,1328.02
2014-12-23,861.77999999999997
2014-12-24,960.52999999999997
2014-12-25,600.44000000000005
2014-12-26,625.39999999999998
2014-12-27,904.90999999999997
2014-12-28,1011.3200000000001
2014-12-29,446.51999999999998
2014-12-30,485.43000000000001
2014-12-31,928.85000000000002
2015-01-01,1153.1800000000001
2015-01-02,1219.04
2015-01-03,882.52999999999997
2015-01-04,829.13
2015-01-05,953.66999999999996
2015-01-06,1028.0999999999999
2015-01-07,943.14999999999998
2015-01-08,746.60000000000002
2015-01-09,663.59000000000003
2015-01-10,776.60000000000002
2015-01-11,753.75999999999999
2015-01-12,830.82000000000005
2015-01-13,527.48000000000002
2015-01-14,646.25999999999999
2015-01-15,947.07000000000005
2015-01-16,975.47000000000003
2015-01-17,809.10000000000002
2015-01-18,928.87
2015-01-19,1261.4300000000001
2015-01-20,1691.5799999999999
2015-01-21,2719.04
2015-01-22,2807.1900000000001
2015-01-23,2303.7600000000002
2015-01-24,1252.8299999999999
2015-01-25,862.36000000000001
2015-01-26,1787.6600000000001
2015-01-27,2026.9200000000001
2015-01-28,2465.75
2015-01-29,2322.3099999999999
2015-01-30,2867.75
2015-01-31,2949.27
2015-02-01,2559.4499999999998
2015-02-02,2625.3899999999999
2015-02-03,2754.75
2015-02-04,2489.8200000000002
2015-02-05,2809.9400000000001
2015-02-06,2551.1399999999999
2015-02-07,2108.2399999999998
2015-02-08,1654.9100000000001
2015-02-09,2101.3299999999999
2015-02-10,2085.3400000000001
2015-02-11,1637.4200000000001
2015-02-12,1444.1900000000001
2015-02-13,1787.52
2015-02-14,1931.3699999999999
2015-02-15,1610.04
2015-02-16,1289.01
2015-02-17,1399.46
2015-02-18,1518.3699999999999
2015-02-19,1748.25
2015-02-20,1527.54
2015-02-21,1592.74
2015-02-22,1435.75
2015-02-23,430.63
2015-02-24,833.71000000000004
2015-02-25,1497.78
2015-02-26,1492.0699999999999
2015-02-27,2036.98
2015-02-28,1798.1199999999999
2015-03-01,1215.1600000000001
2015-03-02,2311.8800000000001
2015-03-03,3100.4099999999999
2015-03-04,2544.6999999999998
2015-03-05,1319.9200000000001
2015-03-06,1444.0799999999999
2015-03-07,1936.72
2015-03-08,2204.4400000000001
2015-03-09,2005.79
2015-03-10,2255.0599999999999
2015-03-11,2125.0500000000002
2015-03-12,1974
2015-03-13,2555.7199999999998
2015-03-14,2366.1799999999998
2015-03-15,2389.4000000000001
2015-03-16,3096.1300000000001
2015-03-17,2124.1300000000001
2015-03-18,1295
2015-03-19,505.06
2015-03-20,1009.12
2015-03-21,1945.1900000000001
2015-03-22,3081.1799999999998
2015-03-23,742.90999999999997
2015-03-24,1865.8900000000001
2015-03-25,2490.25
2015-03-26,-10.9
2015-03-27,902.13999999999999
2015-03-28,1765.73
2015-03-29,1808.0599999999999
2015-03-30,1164.3199999999999
2015-03-31,581.27999999999997
2015-04-01,473.06
2015-04-02,453.31
2015-04-03,629.58000000000004
2015-04-04,624.64999999999998
2015-04-05,180.88
2015-04-06,-6.9500000000000002
2015-04-07,-12.58
2015-04-08,753.15999999999997
2015-04-09,1321.5999999999999
2015-04-10,2008.9100000000001
2015-04-11,2280.3299999999999
2015-04-12,2300.7600000000002
2015-04-13,2345.1199999999999
2015-04-14,2789.4499999999998
2015-04-15,2163.1199999999999
2015-04-16,3475.6700000000001
2015-04-17,3435.2800000000002
2015-04-18,1388.5599999999999
2015-04-19,14.93
2015-04-20,2540.4200000000001
2015-04-21,6104.2600000000002
2015-04-22,6219.6999999999998
2015-04-23,6109.2399999999998
2015-04-24,3476.5
2015-04-25,6.4299999999999997
2015-04-26,23.73
2015-04-27,1023.86
2015-04-28,1715.5
2015-04-29,1813.5999999999999
2015-04-30,1847.47
2015-05-01,2084.0900000000001
2015-05-02,1559.1900000000001
2015-05-03,1610.99
2015-05-04,4979.0299999999997
2015-05-05,-42.219999999999999
2015-05-06,-43.899999999999999
2015-05-07,-27.219999999999999
2015-05-08,1328.6199999999999
2015-05-09,4.8399999999999999
2015-05-10,-35.909999999999997
2015-05-11,-29.27
2015-05-12,-33.780000000000001
2015-05-13,-26.890000000000001
2015-05-14,2709.1900000000001
2015-05-15,3831.7800000000002
2015-05-16,2565.2199999999998
2015-05-17,2125.52
2015-05-18,2268.3099999999999
2015-05-19,3102.3800000000001
2015-05-20,562.70000000000005
2015-05-21,788.16999999999996
2015-05-22,1236.8599999999999
2015-05-23,2299.04
2015-05-24,2438.4099999999999
2015-05-25,2376.7800000000002
2015-05-26,5667.6199999999999
2015-05-27,4895.4799999999996
2015-05-28,1908.5799999999999
2015-05-29,1163.1700000000001
2015-05-30,31.02
2015-05-31,24.879999999999999
2015-06-01,649.05999999999995
2015-06-02,1078.4200000000001
2015-06-03,1078.4200000000001
2015-06-04,774.44000000000005
2015-06-05,160.53999999999999
2015-06-06,41.700000000000003
2015-06-07,40.880000000000003
2015-06-08,27.09
2015-06-09,25.530000000000001
2015-06-10,600.25999999999999
2015-06-11,869.47000000000003
2015-06-12,920.79999999999995
2015-06-13,918.61000000000001
2015-06-14,916.82000000000005
2015-06-15,853.97000000000003
2015-06-16,837.38999999999999
2015-06-17,777.33000000000004
2015-06-18,755.63999999999999
2015-06-19,849.66999999999996
2015-06-20,917.32000000000005
2015-06-21,1087.1300000000001
2015-06-22,1188.8499999999999
2015-06-23,901.47000000000003
2015-06-24,861.77999999999997
2015-06-25,796.69000000000005
2015-06-26,889.64999999999998
2015-06-27,903.74000000000001
2015-06-28,905.94000000000005
2015-06-29,894.20000000000005
2015-06-30,897.75
2015-07-01,875.11000000000001
2015-07-02,806.05999999999995
2015-07-03,1613.47
2015-07-04,2283.0799999999999
2015-07-05,2226.2600000000002
2015-07-06,1980.9400000000001
2015-07-07,2050.5300000000002
2015-07-08,3564.4200000000001
2015-07-09,7347.8100000000004
2015-07-10,6588.0200000000004
2015-07-11,-11.59
2015-07-12,-55.520000000000003
2015-07-13,580.01999999999998
2015-07-14,21.030000000000001
2015-07-15,39.170000000000002
2015-07-16,5773.5900000000001
2015-07-17,7898.0500000000002
2015-07-18,8404.9200000000001
2015-07-19,8764.3400000000001
2015-07-20,9117.7199999999993
2015-07-21,9445.8400000000001
2015-07-22,7100.1000000000004
2015-07-23,7397.0600000000004
2015-07-24,4371.9799999999996
2015-07-25,31.960000000000001
2015-07-26,-15.869999999999999
2015-07-27,3095.1900000000001
2015-07-28,7358.1099999999997
2015-07-29,10401.99
2015-07-30,8873.4699999999993
2015-07-31,3866.5500000000002
2015-08-01,51.25
2015-08-02,44.990000000000002
2015-08-03,38.689999999999998
2015-08-04,52.890000000000001
2015-08-05,2795.7600000000002
2015-08-06,17218.200000000001
2015-08-07,18437.130000000001
2015-08-08,11678.129999999999
2015-08-09,12131.49
2015-08-10,3155.5799999999999
2015-08-11,570.91999999999996
2015-08-12,160.49000000000001
2015-08-13,524.52999999999997
2015-08-14,1447
2015-08-15,1556.6600000000001
2015-08-16,1608.8199999999999
2015-08-17,1446.6400000000001
2015-08-18,2233.3200000000002
2015-08-19,2956.6599999999999
2015-08-20,2455.2600000000002
2015-08-21,1697.6600000000001
2015-08-22,1596.5899999999999
2015-08-23,1622.45
2015-08-24,1636.3800000000001
2015-08-25,1799.3900000000001
2015-08-26,1831.96
2015-08-27,3095.5599999999999
2015-08-28,3447.4699999999998
2015-08-29,2555.2800000000002
2015-08-30,2663.23
2015-08-31,2627.2199999999998
2015-09-01,4391.0500000000002
2015-09-02,2609.48
2015-09-03,3299.71
2015-09-04,2598.4299999999998
2015-09-05,2943.0300000000002
2015-09-06,2567.5599999999999
2015-09-07,2493.3699999999999
2015-09-08,2914.6199999999999
2015-09-09,3513.3699999999999
2015-09-10,4013.3699999999999
2015-09-11,6133.5299999999997
2015-09-12,6905.1899999999996
2015-09-13,7201.2399999999998
2015-09-14,6088.3500000000004
2015-09-15,3962.4200000000001
2015-09-16,3605.1599999999999
2015-09-17,3236.71
2015-09-18,3893.1500000000001
2015-09-19,4150.8100000000004
2015-09-20,4062.54
2015-09-21,2554.23
2015-09-22,3142.0799999999999
2015-09-23,3707.6999999999998
2015-09-24,3792.2600000000002
2015-09-25,3412.6900000000001
2015-09-26,2882.3000000000002
2015-09-27,2845.48
2015-09-28,2604.77
2015-09-29,2664.1900000000001
2015-09-30,2852.9200000000001
2015-10-01,2776.0799999999999
2015-10-02,2983.1999999999998
2015-10-03,2876.1199999999999
2015-10-04,2715.6900000000001
2015-10-05,2998.5500000000002
2015-10-06,2073.3000000000002
2015-10-07,2462.9299999999998
2015-10-08,2926.4699999999998
2015-10-09,2886.6599999999999
2015-10-10,2763.3699999999999
2015-10-11,2556.2199999999998
2015-10-12,2593.8699999999999
2015-10-13,2439.7399999999998
2015-10-14,2108.02
2015-10-15,2078.3600000000001
2015-10-16,1909.3699999999999
2015-10-17,1888.1800000000001
2015-10-18,2057.52
2015-10-19,2130.6500000000001
2015-10-20,2010.4300000000001
2015-10-21,1420.6600000000001
2015-10-22,1849.03
2015-10-23,2125.8299999999999
2015-10-24,2220.6199999999999
2015-10-25,1724.6700000000001
2015-10-26,1623.2
2015-10-27,2071.1300000000001
2015-10-28,1991.5
2015-10-29,1971.3699999999999
2015-10-30,1958.9300000000001
2015-10-31,1994.1800000000001
2015-11-01,1927.3599999999999
2015-11-02,2241.7199999999998
2015-11-03,2576.8200000000002
2015-11-04,2675.8600000000001
2015-11-05,2093.5
2015-11-06,2247.9699999999998
2015-11-07,2591.54
2015-11-08,2721.6100000000001
2015-11-09,2514.5599999999999
2015-11-10,2355.1900000000001
2015-11-11,2655.7600000000002
2015-11-12,3559.3800000000001
2015-11-13,3152.5599999999999
2015-11-14,2358.79
2015-11-15,2434.9200000000001
2015-11-16,2551.8299999999999
2015-11-17,2108.8000000000002
2015-11-18,1600.1400000000001
2015-11-19,1514.0699999999999
2015-11-20,1311.76
2015-11-21,1389
2015-11-22,1434.3099999999999
2015-11-23,1345.98
2015-11-24,1503.3800000000001
2015-11-25,880.88
2015-11-26,120.81999999999999
2015-11-27,340.41000000000003
2015-11-28,375.44999999999999
2015-11-29,392.44999999999999
2015-11-30,72.900000000000006
2015-12-01,33.460000000000001
2015-12-02,60.979999999999997
2015-12-03,86.569999999999993
2015-12-04,80.239999999999995
2015-12-05,78.629999999999995
2015-12-06,76.480000000000004
2015-12-07,81.650000000000006
2015-12-08,46.640000000000001
2015-12-09,48.5
2015-12-10,53.32
2015-12-11,23.890000000000001
2015-12-12,61.030000000000001
2015-12-13,64.269999999999996
2015-12-14,51.240000000000002
2015-12-15,59.469999999999999
2015-12-16,57.880000000000003
2015-12-17,56.670000000000002
2015-12-18,38.020000000000003
2015-12-19,62.030000000000001
2015-12-20,19.469999999999999
2015-12-21,42.140000000000001
2015-12-22,44.920000000000002
2015-12-23,39.420000000000002
2015-12-24,52.030000000000001
2015-12-25,41.219999999999999
2015-12-26,6.6900000000000004
2015-12-27,34.390000000000001
2015-12-28,34.310000000000002
2015-12-29,33.859999999999999
2015-12-30,37.630000000000003
2015-12-31,28.949999999999999
2016-01-01,11.81
2016-01-02,13.19
2016-01-03,16.379999999999999
2016-01-04,20.550000000000001
2016-01-05,17.93
2016-01-06,12.380000000000001
2016-01-07,16.59
2016-01-08,18.68
2016-01-09,16.57
2016-01-10,18.550000000000001
2016-01-11,16.109999999999999
2016-01-12,16.18
2016-01-13,11.6
2016-01-14,4.4800000000000004
2016-01-15,14.18
2016-01-16,15.07
2016-01-17,13.99
2016-01-18,10.9
2016-01-19,14.869999999999999
2016-01-20,8.9299999999999997
2016-01-21,13.32
2016-01-22,11.369999999999999
2016-01-23,8.5199999999999996
2016-01-24,10.56
2016-01-25,11.15
2016-01-26,12.029999999999999
2016-01-27,6.6699999999999999
2016-01-28,2.1499999999999999
2016-01-29,5.4299999999999997
2016-01-30,11.5
2016-01-31,8.1400000000000006
2016-02-01,14.94
2016-02-02,21.460000000000001
2016-02-03,5.5700000000000003
2016-02-04,12.880000000000001
2016-02-05,17.079999999999998
2016-02-06,12.35
2016-02-07,9.5700000000000003
2016-02-08,12.02
2016-02-09,17.809999999999999
2016-02-10,168.22999999999999
2016-02-11,482.07999999999998
2016-02-12,547.48000000000002
2016-02-13,484.98000000000002
2016-02-14,464.98000000000002
2016-02-15,422
2016-02-16,362.60000000000002
2016-02-17,479.04000000000002
2016-02-18,501.02999999999997
2016-02-19,468.44
2016-02-20,521.5
2016-02-21,587.49000000000001
2016-02-22,721.69000000000005
2016-02-23,953.37
2016-02-24,1356.05
2016-02-25,1454.3499999999999
2016-02-26,1470.6099999999999
2016-02-27,1562.1400000000001
2016-02-28,1591.47
2016-02-29,2277.6199999999999
2016-03-01,3268.25
2016-03-02,2923.52
2016-03-03,2433.6700000000001
2016-03-04,1827.3699999999999
2016-03-05,1867.21
2016-03-06,1762.9400000000001
2016-03-07,1715.1199999999999
2016-03-08,1794.95
2016-03-09,1808.8
2016-03-10,2574.9499999999998
2016-03-11,3094.04
2016-03-12,2338.9899999999998
2016-03-13,2256.0300000000002
2016-03-14,1945.6700000000001
2016-03-15,2508.98
2016-03-16,2564.0799999999999
2016-03-17,3044.71
2016-03-18,142.40000000000001
2016-03-19,1920.3
2016-03-20,2142.21
2016-03-21,2317.3400000000001
2016-03-22,1778.0699999999999
2016-03-23,435.83999999999997
2016-03-24,272.54000000000002
2016-03-25,9.4900000000000002
2016-03-26,9.1699999999999999
2016-03-27,12.529999999999999
2016-03-28,15.26
2016-03-29,296.36000000000001
2016-03-30,482.76999999999998
2016-03-31,480.81999999999999
2016-04-01,486.94
2016-04-02,369.06
2016-04-03,438.29000000000002
2016-04-04,484.63999999999999
2016-04-05,475.57999999999998
2016-04-06,434.06
2016-04-07,480.14999999999998
2016-04-08,459.23000000000002
2016-04-09,455.39999999999998
2016-04-10,390.50999999999999
2016-04-11,380.5
2016-04-12,421.60000000000002
2016-04-13,498.04000000000002
2016-04-14,524.83000000000004
2016-04-15,503.42000000000002
2016-04-16,428.01999999999998
2016-04-17,493.37
2016-04-18,533.83000000000004
2016-04-19,515.38
2016-04-20,516.99000000000001
2016-04-21,436.19999999999999
2016-04-22,454.38999999999999
2016-04-23,491.37
2016-04-24,543.30999999999995
2016-04-25,549.47000000000003
2016-04-26,569.13
2016-04-27,566.87
2016-04-28,482.24000000000001
2016-04-29,306.86000000000001
2016-04-30,13.19
2016-05-01,-7.7800000000000002
2016-05-02,9.2300000000000004
2016-05-03,-26.309999999999999
2016-05-04,-17.649999999999999
2016-05-05,5.2699999999999996
2016-05-06,7.1299999999999999
2016-05-07,13.9
2016-05-08,679.82000000000005
2016-05-09,4598.2299999999996
2016-05-10,-67.870000000000005
2016-05-11,-7.7599999999999998
2016-05-12,-1.9399999999999999
2016-05-13,9.7300000000000004
2016-05-14,14.130000000000001
2016-05-15,9.9199999999999999
2016-05-16,15.32
2016-05-17,9.5999999999999996
2016-05-18,10.67
2016-05-19,4.8799999999999999
2016-05-20,10.59
2016-05-21,25.920000000000002
2016-05-22,38.700000000000003
2016-05-23,-12.369999999999999
2016-05-24,5.6200000000000001
2016-05-25,10.199999999999999
2016-05-26,-0.63
2016-05-27,-11.66
2016-05-28,-4.4800000000000004
2016-05-29,37.909999999999997
2016-05-30,57.460000000000001
2016-05-31,37.420000000000002
2016-06-01,37.420000000000002
2016-06-02,25.469999999999999
2016-06-03,19.5
2016-06-04,16.719999999999999
2016-06-05,18.170000000000002
2016-06-06,-9.6799999999999997
2016-06-07,8.5999999999999996
2016-06-08,53
2016-06-09,-19.27
2016-06-10,17.41
2016-06-11,20.629999999999999
2016-06-12,36.810000000000002
2016-06-13,53.020000000000003
2016-06-14,40.460000000000001
2016-06-15,44.189999999999998
2016-06-16,53.009999999999998
2016-06-17,29.140000000000001
2016-06-18,38.490000000000002
2016-06-19,36.140000000000001
2016-06-20,34.369999999999997
2016-06-21,18.359999999999999
2016-06-22,15.529999999999999
2016-06-23,-7.0800000000000001
2016-06-24,-91.469999999999999
2016-06-25,37.079999999999998
2016-06-26,51.649999999999999
2016-06-27,41.270000000000003
2016-06-28,43.82
2016-06-29,71.519999999999996
2016-06-30,8.3699999999999992
2016-07-01,29.43
2016-07-02,42.850000000000001
2016-07-03,49.140000000000001
2016-07-04,28.02
2016-07-05,8.9299999999999997
2016-07-06,40.869999999999997
2016-07-07,56.719999999999999
2016-07-08,68.75
2016-07-09,101.81
2016-07-10,195.72999999999999
2016-07-11,54.380000000000003
2016-07-12,-69.109999999999999
2016-07-13,-98.590000000000003
2016-07-14,79.829999999999998
2016-07-15,5023.5500000000002
2016-07-16,8550.75
2016-07-17,8882.3099999999995
2016-07-18,8376.1000000000004
2016-07-19,12036.620000000001
2016-07-20,19193.73
2016-07-21,22449.880000000001
2016-07-22,8599.5599999999995
2016-07-23,-188.81999999999999
2016-07-24,372.64999999999998
2016-07-25,137.24000000000001
2016-07-26,2760.1500000000001
2016-07-27,267.38
2016-07-28,22798.98
2016-07-29,33748.790000000001
2016-07-30,34152.610000000001
2016-07-31,30119.509999999998
2016-08-01,14652.129999999999
2016-08-02,1031.73
2016-08-03,2044.55
2016-08-04,23211.669999999998
2016-08-05,48353.290000000001
2016-08-06,47464.800000000003
2016-08-07,46831.019999999997
2016-08-08,48140.470000000001
2016-08-09,24502.02
2016-08-10,-16193.18
2016-08-11,13012.620000000001
2016-08-12,24707.82
2016-08-13,15879.469999999999
2016-08-14,17285.959999999999
2016-08-15,18833.82
2016-08-16,19403.68
2016-08-17,17838.869999999999
2016-08-18,13947.77
2016-08-19,508.97000000000003
2016-08-20,454.88999999999999
2016-08-21,709.38
2016-08-22,7458.0299999999997
2016-08-23,11847.15
2016-08-24,16468.799999999999
2016-08-25,18155.169999999998
2016-08-26,20985.110000000001
2016-08-27,26330.529999999999
2016-08-28,27527.630000000001
2016-08-29,8870.7800000000007
2016-08-30,27772.52
2016-08-31,24727.52
2016-09-01,28255.869999999999
2016-09-02,29470.82
2016-09-03,18291.310000000001
2016-09-04,22138.73
2016-09-05,23656.240000000002
2016-09-06,25698.27
2016-09-07,29526.139999999999
2016-09-08,39217.040000000001
2016-09-09,16802.459999999999
2016-09-10,10373.450000000001
2016-09-11,13351.209999999999
2016-09-12,24639.450000000001
2016-09-13,34922.860000000001
2016-09-14,5758.79
2016-09-15,42061.160000000003
2016-09-16,59770.209999999999
2016-09-17,38314.589999999997
2016-09-18,31997.98
2016-09-19,56302.900000000001
2016-09-20,47514.379999999997
2016-09-21,23341.98
2016-09-22,51712.760000000002
2016-09-23,47211.93
2016-09-24,32444.02
2016-09-25,32779.870000000003
2016-09-26,31428.299999999999
2016-09-27,32479.580000000002
2016-09-28,23981.849999999999
2016-09-29,-52.020000000000003
2016-09-30,-87.239999999999995
2016-10-01,11871.26
2016-10-02,12121.879999999999
2016-10-03,4478.0200000000004
2016-10-04,10750.48
2016-10-05,58473.82
2016-10-06,71864.330000000002
2016-10-07,61727.25
2016-10-08,80298.320000000007
2016-10-09,58904.129999999997
2016-10-10,6127.4899999999998
2016-10-11,37026.800000000003
2016-10-12,53581.559999999998
2016-10-13,72763.080000000002
2016-10-14,80592.75
2016-10-15,73996.509999999995
2016-10-16,28590.919999999998
2016-10-17,19932.259999999998
2016-10-18,8857.7700000000004
2016-10-19,39583.720000000001
2016-10-20,56674.919999999998
2016-10-21,20411.110000000001
2016-10-22,41303.989999999998
2016-10-23,57843.410000000003
2016-10-24,63870.919999999998
2016-10-25,56661.879999999997
2016-10-26,44510.260000000002
2016-10-27,51959.040000000001
2016-10-28,44359.739999999998
2016-10-29,40862.839999999997
2016-10-30,-2102.75
2016-10-31,17460.310000000001
2016-11-01,25758.689999999999
2016-11-02,40879.82
2016-11-03,52522.519999999997
2016-11-04,34579.110000000001
2016-11-05,20936.959999999999
2016-11-06,40117.529999999999
2016-11-07,45637.160000000003
2016-11-08,53192.050000000003
2016-11-09,54976.709999999999
2016-11-10,53974.43
2016-11-11,55646.709999999999
2016-11-12,9412.5900000000001
2016-11-13,-24827.240000000002
2016-11-14,40594.339999999997
2016-11-15,61679.120000000003
2016-11-16,66693.039999999994
2016-11-17,61631.57
2016-11-18,50189.830000000002
2016-11-19,53897.889999999999
2016-11-20,54396.68
2016-11-21,35558.5
2016-11-22,37463.099999999999
2016-11-23,29540.77
2016-11-24,36110.849999999999
2016-11-25,32802.25
2016-11-26,33790.160000000003
2016-11-27,35177.43
2016-11-28,31769.040000000001
2016-11-29,24269.110000000001
2016-11-30,22869.389999999999
2016-12-01,-9999
2016-12-02,-9999
2016-12-03,-9999
2016-12-04,-9999
2016-12-05,-9999
2016-12-06,-9999
2016-12-07,-9999
2016-12-08,-9999
2016-12-09,-9999
2016-12-10,-9999
2016-12-11,-9999
2016-12-12,-9999
2016-12-13,-9999
2016-12-14,-9999
2016-12-15,-9999
2016-12-16,-9999
2016-12-17,-9999
2016-12-18,-9999
2016-12-19,-9999
2016-12-20,-9999
2016-12-21,-9999
2016-12-22,-9999
2016-12-23,-9999
2016-12-24,-9999
2016-12-25,-9999
2016-12-26,-9999
2016-12-27,-9999
2016-12-28,-9999
2016-12-29,-9999
2016-12-30,-9999
2016-12-31,-9999
2017-01-01,49537.809999999998
2017-01-02,58035.889999999999
2017-01-03,64250.419999999998
2017-01-04,48537.610000000001
2017-01-05,22617.299999999999
2017-01-06,14117.48
2017-01-07,12100.02
2017-01-08,10219
2017-01-09,10815.08
2017-01-10,10500.43
2017-01-11,9961.5300000000007
2017-01-12,11657.65
2017-01-13,6570.8999999999996
2017-01-14,4418.6700000000001
2017-01-15,7032.6800000000003
2017-01-16,9496.6599999999999
2017-01-17,8712.0499999999993
2017-01-18,7484.6300000000001
2017-01-19,8801.5699999999997
2017-01-20,6820
2017-01-21,8472.75
2017-01-22,8694.8400000000001
2017-01-23,8028.3900000000003
2017-01-24,6416.1700000000001
2017-01-25,7811.9899999999998
2017-01-26,7839.54
2017-01-27,8157.8599999999997
2017-01-28,7715.7200000000003
2017-01-29,7950.3100000000004
2017-01-30,6994.3000000000002
2017-01-31,6780.3999999999996
2017-02-01,7441.4300000000003
2017-02-02,7132.4499999999998
2017-02-03,7373.9899999999998
2017-02-04,7545.8400000000001
2017-02-05,7257.0799999999999
2017-02-06,6798.4799999999996
2017-02-07,5727.8100000000004
2017-02-08,4386.7799999999997
2017-02-09,2984.9899999999998
2017-02-10,2215.4200000000001
2017-02-11,1361.6500000000001
2017-02-12,1091.53
2017-02-13,2123.3200000000002
2017-02-14,2966.29
2017-02-15,2792.3899999999999
2017-02-16,2511.0300000000002
2017-02-17,1551.8599999999999
2017-02-18,959.58000000000004
2017-02-19,933.90999999999997
2017-02-20,2027.0599999999999
2017-02-21,3073.54
2017-02-22,2646.8200000000002
2017-02-23,1834.05
2017-02-24,2114.9899999999998
2017-02-25,1243.8299999999999
2017-02-26,1398.97
2017-02-27,5600.4499999999998
2017-02-28,7620.8299999999999
2017-03-01,6956.3599999999997
2017-03-02,7065.8999999999996
2017-03-03,9387.0300000000007
2017-03-04,8695.7299999999996
2017-03-05,7949.5299999999997
2017-03-06,8451.2399999999998
2017-03-07,7870.29
2017-03-08,7077.6599999999999
2017-03-09,6950.9499999999998
2017-03-10,6522.29
2017-03-11,5467.9200000000001
2017-03-12,3534.9899999999998
2017-03-13,3237.1999999999998
2017-03-14,5437.8900000000003
2017-03-15,5269.4300000000003
2017-03-16,1445.46
2017-03-17,3921.0599999999999
2017-03-18,4490.1599999999999
2017-03-19,4185.5799999999999
2017-03-20,3427.5700000000002
2017-03-21,2018.3900000000001
2017-03-22,2047.6800000000001
2017-03-23,3293.52
2017-03-24,4889.3199999999997
2017-03-25,4246.2600000000002
2017-03-26,4533.2200000000003
2017-03-27,2739.0900000000001
2017-03-28,2267.25
2017-03-29,349.80000000000001
2017-03-30,-462.56999999999999
2017-03-31,1726.47
2017-04-01,1470.24
2017-04-02,2027.3499999999999
2017-04-03,2530.7600000000002
2017-04-04,2835.9699999999998
2017-04-05,4669.5200000000004
2017-04-06,6504.4300000000003
2017-04-07,4333.8500000000004
2017-04-08,10.44
2017-04-09,-17.649999999999999
2017-04-10,-0.66000000000000003
2017-04-11,14.720000000000001
2017-04-12,3623.0900000000001
2017-04-13,2977.8000000000002
2017-04-14,13.1
2017-04-15,13.6
2017-04-16,11.58
2017-04-17,18.469999999999999
2017-04-18,1120.74
2017-04-19,2100.1999999999998
2017-04-20,2003.5899999999999
2017-04-21,1956.96
2017-04-22,2197.8000000000002
2017-04-23,2273.27
2017-04-24,1250.74
2017-04-25,548.23000000000002
2017-04-26,-235.91
2017-04-27,13.02
2017-04-28,10.81
2017-04-29,15.52
2017-04-30,21.239999999999998
2017-05-01,13.41
2017-05-02,14.85
2017-05-03,4666.0299999999997
2017-05-04,2099.5300000000002
2017-05-05,1791.9100000000001
2017-05-06,1097.45
2017-05-07,1300.3900000000001
2017-05-08,1699.9300000000001
2017-05-09,2294.8099999999999
2017-05-10,2417.6799999999998
2017-05-11,2135.29
2017-05-12,2202.2800000000002
2017-05-13,2346.6900000000001
2017-05-14,2361.5599999999999
2017-05-15,2472.54
2017-05-16,2845.71
2017-05-17,2253.8899999999999
2017-05-18,2252.6399999999999
2017-05-19,7383.5500000000002
2017-05-20,11974.290000000001
2017-05-21,13656.040000000001
2017-05-22,12363.360000000001
2017-05-23,4351.4200000000001
2017-05-24,545.96000000000004
2017-05-25,691.89999999999998
2017-05-26,505.76999999999998
2017-05-27,25.440000000000001
2017-05-28,-14.26
2017-05-29,25.620000000000001
2017-05-30,980.95000000000005
2017-05-31,2181.0100000000002
2017-06-01,2183.3600000000001
2017-06-02,2300.3899999999999
2017-06-03,2275.29
2017-06-04,2097.4099999999999
2017-06-05,1892.8900000000001
2017-06-06,1940.3399999999999
2017-06-07,2084.29
2017-06-08,2009.1700000000001
2017-06-09,2043.78
2017-06-10,2091.6500000000001
2017-06-11,2017.1700000000001
2017-06-12,1889.99
2017-06-13,2015.8199999999999
2017-06-14,2044.5999999999999
2017-06-15,1928.54
2017-06-16,1909.1700000000001
2017-06-17,1897.5899999999999
2017-06-18,1864.21
2017-06-19,1911.1500000000001
2017-06-20,1911.5599999999999
2017-06-21,1892.04
2017-06-22,2043.5599999999999
2017-06-23,1546.45
2017-06-24,843.35000000000002
2017-06-25,825.03999999999996
2017-06-26,909.10000000000002
2017-06-27,1623.53
2017-06-28,1980.9300000000001
2017-06-29,9423.8299999999999
2017-06-30,15910.129999999999
2017-07-01,8827.2900000000009
2017-07-02,1981.0999999999999
2017-07-03,939.79999999999995
2017-07-04,131.78999999999999
2017-07-05,1198.73
2017-07-06,6291.8100000000004
2017-07-07,4318.8299999999999
2017-07-08,812.09000000000003
2017-07-09,1068.8499999999999
2017-07-10,2312.21
2017-07-11,3225.6999999999998
2017-07-12,8861.4899999999998
2017-07-13,14443.450000000001
2017-07-14,8831.75
2017-07-15,10089.85
2017-07-16,11705.65
2017-07-17,3579.6700000000001
2017-07-18,-94.700000000000003
2017-07-19,-6.0899999999999999
2017-07-20,5276.9200000000001
2017-07-21,9695.1200000000008
2017-07-22,6817.8699999999999
2017-07-23,5144.9799999999996
2017-07-24,6718.7200000000003
2017-07-25,6726.8000000000002
2017-07-26,6757.25
2017-07-27,10476.200000000001
2017-07-28,7629.5699999999997
2017-07-29,778.75999999999999
2017-07-30,3047.27
2017-07-31,5720.1099999999997
2017-08-01,8763.75
2017-08-02,13176.709999999999
2017-08-03,14756.76
2017-08-04,9555.3799999999992
2017-08-05,41.710000000000001
2017-08-06,-84.120000000000005
2017-08-07,-63.049999999999997
2017-08-08,2119.0999999999999
2017-08-09,7076.2200000000003
2017-08-10,5131.71
2017-08-11,273.81
2017-08-12,1079.3599999999999
2017-08-13,1364.8599999999999
2017-08-14,8398.6700000000001
2017-08-15,7341.7700000000004
2017-08-16,-13.960000000000001
2017-08-17,-77.049999999999997
2017-08-18,-135.44999999999999
2017-08-19,66.680000000000007
2017-08-20,158.90000000000001
2017-08-21,6883.2299999999996
2017-08-22,9770.5799999999999
2017-08-23,7326.2600000000002
2017-08-24,7836.9499999999998
2017-08-25,8367.8600000000006
2017-08-26,7322.8000000000002
2017-08-27,6736.1599999999999
2017-08-28,6679.2799999999997
2017-08-29,5861.6800000000003
2017-08-30,6231.3599999999997
2017-08-31,7109.1999999999998
2017-09-01,11585.610000000001
2017-09-02,7526.1400000000003
2017-09-03,6.6799999999999997
2017-09-04,-37.799999999999997
2017-09-05,-24.710000000000001
2017-09-06,2191.2600000000002
2017-09-07,5907.1899999999996
2017-09-08,2770.5500000000002
2017-09-09,2514.9299999999998
2017-09-10,2739.0700000000002
2017-09-11,4461.04
2017-09-12,3526.02
2017-09-13,11.02
2017-09-14,1119.1700000000001
2017-09-15,2155.1900000000001
2017-09-16,2338.48
2017-09-17,2970.71
2017-09-18,1841.6900000000001
2017-09-19,1752.4200000000001
2017-09-20,2621.5999999999999
2017-09-21,2381.4299999999998
2017-09-22,2060.29
2017-09-23,1016.71
2017-09-24,644.91999999999996
2017-09-25,747.78999999999996
2017-09-26,1949.9200000000001
2017-09-27,2215.1500000000001
2017-09-28,1638.45
2017-09-29,1874.1800000000001
2017-09-30,1723.9200000000001
2017-10-01,2019.27
2017-10-02,2244.48
2017-10-03,2342.79
2017-10-04,2207.6900000000001
2017-10-05,1327.5899999999999
2017-10-06,1815.72
2017-10-07,2145.1799999999998
2017-10-08,1650.1900000000001
2017-10-09,1508.4200000000001
2017-10-10,1802.9000000000001
2017-10-11,1512.1800000000001
2017-10-12,1325.52
2017-10-13,1505.98
2017-10-14,1716.1400000000001
2017-10-15,1873.8499999999999
2017-10-16,2639.1700000000001
2017-10-17,3782.7800000000002
2017-10-18,3947.5700000000002
2017-10-19,2951.2800000000002
2017-10-20,2422.6399999999999
2017-10-21,2016.74
2017-10-22,2003.4100000000001
2017-10-23,2223.29
2017-10-24,2324.6500000000001
2017-10-25,2057.3600000000001
2017-10-26,1456.8800000000001
2017-10-27,1495.5
2017-10-28,1053.6199999999999
2017-10-29,893.89999999999998
2017-10-30,-196.06
2017-10-31,832.5
2017-11-01,1255.52
2017-11-02,1524.7
2017-11-03,1343.77
2017-11-04,1748.26
2017-11-05,1606.55
2017-11-06,1626.71
2017-11-07,1461.1199999999999
2017-11-08,1757.1700000000001
2017-11-09,1616.23
2017-11-10,1793.0699999999999
2017-11-11,1613.99
2017-11-12,1754.5799999999999
2017-11-13,1622.3399999999999
2017-11-14,1741.25
2017-11-15,1073.0899999999999
2017-11-16,1013.3099999999999
2017-11-17,1282.5999999999999
2017-11-18,1827.26
2017-11-19,1817.2
2017-11-20,2145.0700000000002
2017-11-21,2138.4200000000001
2017-11-22,2646.98
2017-11-23,2701.4200000000001
2017-11-24,2979.98
2017-11-25,3031.23
2017-11-26,2989.1799999999998
2017-11-27,3347.7600000000002
2017-11-28,3496.7800000000002
2017-11-29,3486.0100000000002
2017-11-30,3030
2017-12-01,2300.0900000000001
2017-12-02,1812.6900000000001
2017-12-03,2190.4200000000001
2017-12-04,3013.3699999999999
2017-12-05,5113.29
2017-12-06,6599.5600000000004
2017-12-07,6204.1499999999996
2017-12-08,6141.2799999999997
2017-12-09,6520.7600000000002
2017-12-10,7056.7299999999996
2017-12-11,9022.0100000000002
2017-12-12,12424.299999999999
2017-12-13,12498.25
2017-12-14,10342.969999999999
2017-12-15,11200.360000000001
2017-12-16,10865.110000000001
2017-12-17,11947.540000000001
2017-12-18,12405.58
2017-12-19,8837.6299999999992
2017-12-20,6135.5799999999999
2017-12-21,7398.3699999999999
2017-12-22,5827.4499999999998
2017-12-23,4305.54
2017-12-24,3707.8099999999999
2017-12-25,4728.4200000000001
2017-12-26,5007.3500000000004
2017-12-27,4848.3299999999999
2017-12-28,4532.8500000000004
2017-12-29,4395.4799999999996
2017-12-30,3624.4200000000001
2017-12-31,4063.3600000000001
2018-01-01,3748.6799999999998
2018-01-02,2769.6199999999999
2018-01-03,2783.9200000000001
2018-01-04,2990.8400000000001
2018-01-05,3172.5700000000002
2018-01-06,2743.8099999999999
2018-01-07,2637.23
2018-01-08,2016.9100000000001
2018-01-09,1475.23
2018-01-10,1850.5599999999999
2018-01-11,1806.8499999999999
2018-01-12,1581.49
2018-01-13,919.5
2018-01-14,1356.8599999999999
2018-01-15,1535.1800000000001
2018-01-16,1640.47
2018-01-17,1296.6900000000001
2018-01-18,1051.6900000000001
2018-01-19,938.59000000000003
2018-01-20,842.89999999999998
2018-01-21,882.72000000000003
2018-01-22,758.32000000000005
2018-01-23,846.80999999999995
2018-01-24,804.23000000000002
2018-01-25,793.25999999999999
2018-01-26,846.71000000000004
2018-01-27,861.08000000000004
2018-01-28,776.61000000000001
2018-01-29,597.67999999999995
2018-01-30,721.60000000000002
2018-01-31,1044.29
2018-02-01,1079.4100000000001
2018-02-02,1103.8399999999999
2018-02-03,1126.8
2018-02-04,1143.9000000000001
2018-02-05,1077.6300000000001
2018-02-06,1063.8900000000001
2018-02-07,1084.72
2018-02-08,1034.1500000000001
2018-02-09,1093.6600000000001
2018-02-10,843.59000000000003
2018-02-11,909.99000000000001
2018-02-12,957.37
2018-02-13,935.03999999999996
2018-02-14,55.780000000000001
2018-02-15,504.80000000000001
2018-02-16,735.04999999999995
2018-02-17,748.28999999999996
2018-02-18,747.64999999999998
2018-02-19,777.58000000000004
2018-02-20,1032.6099999999999
2018-02-21,1297.1800000000001
2018-02-22,1608.9000000000001
2018-02-23,1657.6900000000001
2018-02-24,1132.8800000000001
2018-02-25,1239.26
2018-02-26,1694.0699999999999
2018-02-27,2082.2600000000002
2018-02-28,949.82000000000005
2018-03-01,1415.9000000000001
2018-03-02,1686.98
2018-03-03,1339.6400000000001
2018-03-04,1441.28
2018-03-05,1322.4300000000001
2018-03-06,1447.5999999999999
2018-03-07,1730.95
2018-03-08,1707.26
2018-03-09,1711.97
2018-03-10,1677.6700000000001
2018-03-11,1155.96
2018-03-12,1345.1800000000001
2018-03-13,1168.05
2018-03-14,751.13
2018-03-15,745.61000000000001
2018-03-16,570.71000000000004
2018-03-17,389.74000000000001
2018-03-18,-92.5
2018-03-19,59.100000000000001
2018-03-20,4.6699999999999999
2018-03-21,47.439999999999998
2018-03-22,331.69
2018-03-23,249.72999999999999
2018-03-24,5.5800000000000001
2018-03-25,-14.9
2018-03-26,-8.7599999999999998
2018-03-27,185.56999999999999
2018-03-28,235.30000000000001
2018-03-29,286.17000000000002
2018-03-30,295.75999999999999
2018-03-31,367.44
2018-04-01,344.32999999999998
2018-04-02,270.95999999999998
2018-04-03,346.56
2018-04-04,396.69999999999999
2018-04-05,349.06
2018-04-06,338.61000000000001
2018-04-07,376.43000000000001
2018-04-08,336.12
2018-04-09,347.70999999999998
2018-04-10,290.77999999999997
2018-04-11,320.05000000000001
2018-04-12,133.49000000000001
2018-04-13,1132.1400000000001
2018-04-14,0
2018-04-15,0
2018-04-16,0
2018-04-17,1033.97
2018-04-18,443.72000000000003
2018-04-19,268.89999999999998
2018-04-20,290.64999999999998
2018-04-21,246.81
2018-04-22,282.05000000000001
2018-04-23,304.74000000000001
2018-04-24,264.75
2018-04-25,248.49000000000001
2018-04-26,246.44
2018-04-27,329.11000000000001
2018-04-28,324.54000000000002
2018-04-29,338.32999999999998
2018-04-30,350.83999999999997
2018-05-01,426.88999999999999
2018-05-02,451.91000000000003
2018-05-03,247.55000000000001
2018-05-04,0
2018-05-05,3.2799999999999998
2018-05-06,9.4499999999999993
2018-05-07,8.9800000000000004
2018-05-08,234.09
2018-05-09,198.80000000000001
2018-05-10,0
2018-05-11,0
2018-05-12,6.3700000000000001
2018-05-13,9.4700000000000006
2018-05-14,436.75
2018-05-15,328.83999999999997
2018-05-16,345.88999999999999
2018-05-17,342.19999999999999
2018-05-18,369.41000000000003
2018-05-19,377.57999999999998
2018-05-20,363.06
2018-05-21,311.47000000000003
2018-05-22,328.69
2018-05-23,267.76999999999998
2018-05-24,220.49000000000001
2018-05-25,246.81999999999999
2018-05-26,295.97000000000003
2018-05-27,255.21000000000001
2018-05-28,126.95999999999999
2018-05-29,0
2018-05-30,0
2018-05-31,203.68000000000001
2018-06-01,470.39999999999998
2018-06-02,438.87
2018-06-03,416.32999999999998
2018-06-04,385.56999999999999
2018-06-05,412.05000000000001
2018-06-06,464.31999999999999
2018-06-07,439.94
2018-06-08,371.51999999999998
2018-06-09,424.29000000000002
2018-06-10,530
2018-06-11,568.00999999999999
2018-06-12,0
2018-06-13,0
2018-06-14,0
2018-06-15,0
2018-06-16,0
2018-06-17,0
2018-06-18,17.02
2018-06-19,692.15999999999997
2018-06-20,460.87
2018-06-21,454.88999999999999
2018-06-22,469.55000000000001
2018-06-23,439.42000000000002
2018-06-24,482.12
2018-06-25,538.60000000000002
2018-06-26,498.58999999999997
2018-06-27,491.61000000000001
2018-06-28,502.58999999999997
2018-06-29,463.83999999999997
2018-06-30,347.75999999999999
